10827793628368758119
10442034883651884923
12770628803120577594
10231248919789757477
14984529666269531620
17008759229075957862
11710000321124815062
17908040243755209885
13611920658560126307
15739728400039424750
10200909605891681858
13166685045927536943
15530298555740741086
14475329291123922273
12251525726836924230
15489287009628732275
14311492839568791721
13577263843730629398
12261443317023865254
15174542149086370294
18312574860855279973
9543829375856322051
13498747945689922154
13166060749001011763
10985102114692669121
12475731348436667310
12842344174012252502
15820249090217222408
10750743358574272823
15127955576257600363
11714748684880901202
9369100886285059972
15367455939466158947
15173964459482966910
18196966576553604405
12402093979068080219
15181171018700176831
18117997339015453153
16305838077510529524
13176112080165061230
17781630532501456176
9749527845058987842
12341953507722884117
16897404965955325084
16954133991804559858
17614180303271180013
13751566504150630308
14504244741544635731
15424754472679677340
14137108825753639716
17937050372990389018
10926130816605256262
15172160473220616742
18012633430357789967
10027716410222800577
13518801016163188166
15102495274971333696
16617605369291120369
10812488855687808260
14675562054653080166
13238525667074451503
9309845592150355788
11583051479123661338
10056658166294903846
11605244094217713202
13078856569528120281
16593468556093746309
13900754819909487926
14440499433329266401
18125898395345118548
12890913531539054143
10050324051058027871
13735522681603515092
18437716771397404267
15932871931016663293
10665063249201017331
12784428790829120987
10401912480299847007
15747461730190144530
11000487207118608714
10452092477778464592
13467747451550569365
13764577756798572893
15622142652786708880
11958458307755557689
17017755047978717822
11034550706570192750
17241419147654752499
15008554113384540959
17910729375129080181
14664946883915154244
12528704051590450150
17923308607872159905
16959510121558726671
14692303629614243165
16783443906281394784
16514234421877349994
13838381132319129444
14472418424361066373
16125991793931162839
13166653468162630108
10638846280450037821
15691291349395350494
13586004712744031015
10776165276137804565
16040330814637659706
18435796916513274457
9295514244985777398
13134811563387223239
13760806870765704422
13440003398559799042
16620093974820082637
17528242444173586258
11534466179571910781
10480487039284430355
9563952450815504317
13951407168430004678
13071546311322460415
10105484155482468523
12967513492108158415
17394987035441009254
9923422963228460428
16970162994802793308
15065165379585255451
10744595708389745660
12336123012699294520
13143652150314351684
10965140517415667699
11252010727990677692
14920169329513526998
18297062053595943506
17782682402837439301
10211575026764794576
13041707320682941577
14665647065657101244
13774644159047181693
16367808584891607796
16352405297883659439
13158212958780465451
11535919634820027637
10811261607237507709
16439480832778658149
10109788950090327110
11284722158818628664
12589290997353423993
16324141988344243596
10112698297441709954
15408345456623666907
10497925926672098567
14369479852121107890
16531195258407996051
10530661577370763184
11053825431421588841
16726588159956309341
13334177944872459919
10883777685010042435
16423353317437996264
16361697955924936169
11248229723396251914
14608069228146466046
15759416811466531009
10958571200192826494
11574796263977247221
10363174674487835799
14004969077046221198
13432448550932606247
17763176650428651168
15790908952286595443
12664629694127708454
9325040230029229284
14553440496506781286
11843911823614451520
12481042410200076122
12027031186276089501
17386363806511950276
10308120151102118168
9566821808171393718
13598884040527466726
15059300160079422847
9384729005910634998
10878143482056682926
14681792528149497692
13316221987205989418
13572225395863147269
15093003298326914101
10676371783777332875
13307598741713764299
11639964846129933839
14282426696474634345
16592705741396146123
16251396187248821370
17503505702244004652
18131362792296531417
11936443644055424903
14381989387165525415
14938505922247942829
17861257441987682736
12388733543295977015
9757256108312435534
16915885903215074518
13796687489389007340
18212924888444946080
15031390181098635195
18036198351227339621
10786456385491296967
17959439638348454583
18236445480824206317
17549125177119913177
11440676193254694011
15839644058554151971
12180476838030217238
13053563139282726551
18073733978510127314
15566741720100861524
15362065855952704295
18258343390114155252
13379390856126132378
16011553328693656827
15206733721400500570
11588932999064704633
14290355369080965283
17568482822732450760
15657175083647920870
9484069721892123405
14731146855768553322
14835535021848504725
14464560452108884841
17235184058689793575
12774540628943707677
15999178473184447218
14867087974312189958
11838424097482547721
13003538152836670992
16167931701797473706
10660559226987733882
18093558508605125912
16307266771642295872
12196462433350891051
13675896539560473117
14628670970834196657
13668738932075024848
17488476494233826483
14886074306640092114
9553260862574552926
9370896095313798450
12877019548276303995
17778592120112276592
14487630798639707167
11456519331411076375
12125616900785800193
16137909246423463903
15586649031246789996
12104147508681546106
17995810670443745307
18342213232049475615
15063986690067972613
14300016765768207577
17880185621644260512
9565047431689570384
10545822149331931068
10081947301754774376
13730191521415483173
17577483636814649540
17896062089427568780
9631665053613837673
17625885964810751659
14399620121169145282
9283624258356891535
14194933943412816999
17261783003607923303
10042164269242810815
14786382127415766594
16498685450191898692
15968740262971583888
10502633246937053724
13629074162044568757
15746676806361809564
16621056241777273380
17223087155845610183
14985069430059363264
15718032922242448989
18283323750432107007
17248922186873751058
17069079971282086510
12822614526823294445
9706905652698447411
17282626078294481691
10850772158644409910
16790196365400275680
16065676817994170612
15635863872894580313
10954263284126714422
13710909289254849540
14149557315320262076
10512744213805387110
16346182170377223796
15459277017611840956
11887167572354159705
17572115876527761749
13045482145632942188
15002305427569190923
14702047219279332355
13902015998372276114
15212300376941727140
13461867910993990811
16958416520469099537
14956831888225744120
18359348032020651951
16923722879797548801
13778277146314125738
16383975695956377028
10294084627820050974
17022884143066590089
11451102515293271080
16543762229354002721
14904796489021753312
9690420091795777347
12559919175454733793
13244197029360308010
14944153160554215480
14154414871639293654
15102339387446998069
9922778898128335283
12715496491344109733
14678399320632499162
9923836834575771419
14447512396186790981
16175266411455061614
18232248018322879984
16403336631970428227
12017555755483964589
14815794456046049172
9892961089199175979
9447276238552652387
16663788310596947852
16555699175535203719
17110015133408271153
9677492642744061418
11823094850513262711
9528167957121649415
16940056743500286722
10136115709149202211
15013383189864573795
12529209862830254526
14451609109203462114
16206044684755277355
13854755787007454292
17912136583145264933
14032876763470553451
14277455694874709650
16301633502438703480
14566000863349599492
14830004463764651552
12403844022692668657
18237712255838542193
11448957955379746756
14185953717722951515
16351882531541826083
10923447901554501557
17127920701280635572
13204549917775634700
13325378549985839680
17062486335290943938
10450010529398390495
11593924953369531725
16969599634128738712
16151274505294345705
11502838394127890122
13277252665601003599
15209272322342717652
16230316497304065258
10228193684719411322
17587528589442572232
12386027660228332342
18262885823997532215
13682902960490557541
18399532794690364170
15158731782070052044
10391352536203321000
10030390405938197514
13684532085103728593
17722374878930208749
9464453373276845956
17885889769606691581
16576728628536264556
18435014993086900261
10606668240653894312
12478915081284256114
14959146860685776918
10379900615159985358
10204349127911797700
11317418736453158927
13991286751886954854
11197906117290423646
9693910781775090259
15277566244211085024
15293485838498746107
9788980656059518643
16280294999479544898
11170027829070301601
15702126681737923529
10842373098815642093
11508755882830322043
17399159090389341544
17071053861082731356
14157874336773112877
15265783400134905354
11609868166595441827
14150900332321657147
15920078398133038670
14035625577839300402
18210497446659943675
14280928360090786481
9396850128090934855
15735626075374059250
14120563133055993570
17525414695127179624
15148697312921997546
9254549113976877001
14556266031105937652
14324137289356072232
15292271350854403966
14888499687254559135
12930332004221828119
13128326145823079032
18189773462477070336
10575816742500505959
11782013409732331338
9408381110703397337
11721142515692342376
11117375276988633042
13130005053796205242
14817978695973939136
9922449232988001809
10899475198706158568
11234842347438305752
10286343186202615325
10290496708708872963
14961310218588525091
15845496592572824397
17914585765564055735
12343914233174776801
12984320634792654880
16830410527069343297
9324759531786801760
16289491624248655731
9619480230541406112
14506880901081923826
14595713397564007793
18073270621599054356
12663019876622655053
17381805793756469716
13834730067377250123
12302170041313753116
10613332482205021060
13688093380456253466
15521218295082641698
15003874832426834638
10771685878379466674
12236276158078186151
10345263811414604528
9464464810144947107
13353172773413607248
15977105292457623373
16048025448383764514
10065672428827277202
9810208191201825949
13411919318399896545
13918510525488005248
17525917003144728881
15671167324792561940
11002714545676249230
11050592378091462854
11579157321811540589
13429689724786857385
12968184526776022151
9770556825938746657
9700736187413731794
16401537392140661901
13807600270045873472
16991655852386279370
16248283636462638167
17699404480915907308
10057810313873488608
13484175449724075825
15605882484710006132
11165707108555905515
15261062561361297417
11800296692839958673
11723146703623600596
10188070386541296147
13638706279600039674
10886046184645444162
14360862278058713756
12709343286456772426
9833028637120382908
13277710455574466610
12641311884158410765
18131305666924836121
18045616887437723910
11057813288103939293
16283335647351943075
14248447402440324039
9506757366014347358
13016983564355275751
16433716496410653953
14430820436185128091
9946749046899246643
13396312863040556176
11802703447712379753
18205869648425923710
14924927459689713871
14948686627777229810
10643828867965087219
10247813990319800333
15559216257864596729
12558075860260932023
13395592146173841202
10405020910938510513
15201281975254787430
18208089509948390522
9593629702879676154
15113833315714911426
9549323551474152036
17659114695952710928
15635255385001667301
10170830965372269809
14148556216428714577
16586124001998614135
18033406852635029522
13741288084262776073
14746479249288576036
14822696051771294194
14406301159361436868
17806827479194498606
18104259229060817987
15312474746104924275
17576563963623484512
14682199767532799971
16491386132243513369
15610788369331593808
10434011825662065677
13532547179201723954
15806185835182291403
14667744825375770612
9449233224204817904
10631038915570939317
9918925246259604810
16258963644016102233
12074371114380107365
13856033145403053058
10582627912019671210
13055713368308138129
15172906967068071927
18020779092634574168
11676957332654370466
17041063581253903376
15715502309676350920
10994051965387048332
13366699891723513029
12462099709564452839
9884690833216025405
17511712610136928971
11124489236760697629
14914233713562195276
16870968158004100875
15359455195954532011
14807273082852524575
14714963569588400785
13965977616301248604
16070667408199182658
15602980742618737357
16616942289920709309
15016201135725549174
11709291632740480234
14761763832550784181
13942103561282262822
17397533980371281389
14161470269538439942
11137613130907940099
14678008968807789657
11152315662739532618
12435536985929089008
16828593439042276673
12666840977547991960
9318155186541530241
15246662904017851628
16644323993367724851
15606676041321517209
14636857681540734373
16153983617194928906
15070333766142040761
13080622896732669620
9438137075650051872
9554846139041219967
10261805059452050382
17152862180627796543
16538146498082509786
10390633489927835566
17520260775833237462
12581473842538261503
15688271402599098467
10647802530911728350
9314690914109080763
15674522129547265363
16370518554707150816
13504656690724770356
16756724978941292479
13405805436121630798
14547640190658501071
15921998341806555775
10818285904648882809
17970220701297779744
9464327224757931985
15436397001839117317
14619570822831348402
10364118516778291253
14911349783415229350
13285062033283041558
12205239610837755195
14446409594042991812
15545041399413789178
15127931093664163330
15193841091272061870
14218370839926067075
18096412732242834661
17715790575655885049
18215901626619579029
9506947310406620425
11189997442859894554
16376259415569344235
10176982557584234524
18135469859849005309
16835440016509139162
9434293074132152471
15520082857832997701
10643100342107506033
16616288453994040791
16912341271325059513
9615354174197896156
10943073096858097078
11666341217033699425
18071133288070778844
10523883708036025439
10128270704726246181
15002816432025183043
14481211063860672440
16475532359803360242
11249486574983305953
10053015440467271152
14263517404047644460
9654035831920746423
12051197489417003600
13277642289527763861
15975265288869493932
15218379942147904704
11774810628844432796
15689161307183478004
16673369410300841919
10610103151830313449
11717486027714042911
17661933961118052795
16002739870987475620
16492329847759347326
11768665800390686638
17665641267764849016
16777948352302811380
15434315103413350473
15368910399303790044
14986742029437491034
12609196011755088451
18217165736186487531
15642922862566907102
14025495825878694453
16528835852929530149
9240766232562403759
11976761457916581497
9484638919652624532
9404536254272818846
14115915379862816864
10906993728647990980
14697066043309611031
12704527326225250979
10542939284389276020
16343924822150159805
17494759584905661248
16552387119003928721
13593249947742767509
13596757474608352213
17987138970714347585
15590224512962796176
12456366598709975245
15784057190388068701
12054075308176444253
10269697191835603782
12278807535741794642
15984788206907968342
16047645634894915651
12642551715524286321
18233296220077857105
15311182882360275404
13698234924343265490
14362403788149294412
10448102127322419793
16985094407702971736
9888844190232680181
15924387453652272314
16591857184205924699
10266631833586800666
15224671188353514061
13532566641552864070
13371139856903255450
9937564826298011988
14125807862440673765
18367077036181272653
15353990818790036911
10222082868698801694
11160355715106347834
11902801967974135092
17729212171058056709
16702742123816356817
16487387809866119383
18067579545103021763
15671970912472920394
11816623266103871461
18427652408207401143
11531552289244477345
13659723020041178237
17705851053890153140
13516911439323302072
15016366694798063697
15392415374080778091
11621781351098794517
15877572034379166028
12722184280065239972
15172624803435342100
16568938980676313756
9690189767834745831
15589233239966647143
16197693874054990151
16349213932713518903
15007345562396825077
16962306070400411293
15523624291962645452
13820876072823122522
12083455199783994860
11119379775584130877
13348469702734851590
14101370482212954152
11491286804625941320
12866562743041009737
14310891816412770830
13824711306822959932
17102976572296674043
16333576772834076545
9785404159177123404
14133716352745455602
16198841485925481651
14278250650174309087
12493166277499585407
12216968585906091955
11038757971474105720
17990798652094471935
13983124339151184539
16364857972152071320
11475275548587402918
14603292699521043522
10640630117082221771
14353071151985827569
16982779847730720866
15189170199802819756
9493134372120882202
16884914409321148773
14925163694004855782
10143997871208098496
12528102277182892729
9470194294295156692
11562037141142254956
14264053816730306298
15362586536246009456
12045660122527643822
12382094238636742187
17501931272942047506
10711156362410703870
14939638948041115949
17533636689895929377
9732418923246706214
13815828784224072270
15813228142533499037
14800272344567758202
12797323230961200188
17525443537731367400
10306856979153686739
16794881959684304778
17381707306868573440
17907937080225768403
15503933593851522345
11704109699764414385
18313410439312921193
17007443569326814424
9256870513463644394
15049774828579012778
10146870424885258461
10517740101871723378
16554271228359830685
10125786992009568859
18314959808589910254
11283828501173251870
17578845736429629206
11662605557301384708
14902636170971452822
15410463849600329952
15033066822216788024
11031598734919298631
9434662137075458201
16853726219677052806
12119414626201155871
10070015747079964091
12506806595529313517
16906880822327886890
14652917634558204553
14737236396272292299
17510045003735873527
18014043686149715011
11831798277519090322
12655886366912485080
11660655016883141722
13444467556987323283
11199700056394175275
11316431581496821622
15745578941110562821
13959358836658685733
15213490960745804511
14984400113417123192
17547024631079317446
10872343734974875891
13074342119716393041
11373283614437653621
17033288413720981004
13115950657959869261
13555845571714195551
10600265321247751461
13134103962211587865
16404578975650372936
9903613010048830360
13807780950865894085
15971297313679906746
10882690252730746292
13422299082949178920
13820091381251221554
15136297441957996167
15018716170867895001
13747553906641950381
15666191217116709539
13881348869875798482
17308898125482163464
15289310751965353710
11186563416625478735
11476903521741568235
10077043823870726082
13355027642715166816
11660943684065071789
11426079942039431469
13312633106054966289
14359428857404793547
16233156905249995384
18206561065439744026
11443256817163660550
10955672640187460337
14397458981987507101
12662491652312125124
13421479464428064895
15644114740963732649
12791055972337123072
11087859643886233253
14273850246811122219
17091859052316051584
15731198644926846659
14681804358469955393
9265389563800429818
16420890323710748525
14725887202026065894
9276209727715716088
12119634923258774622
13848829499527062142
16226566144425692675
12570970446975013775
15446962076284881941
16694452552452808300
14303789038460356918
14623899168404542185
16418826390590984921
11790270549769929567
9832471046053162124
16383173702402461584
17568846287426277115
9868491796462683030
10210009054713050857
17617357888557675583
11676603573509016186
15012916608794631462
16451974716309838128
12295382838223197119
12380151886075197214
13949388858856886576
13289553749653022032
14067262801538262641
9487389757434402042
9272826832417788932
13932468070209194350
9975377871017655242
18038891611592285781
10431545357209292933
12522676737095772060
11235988913844142352
16292429977045859748
15857625951421735214
15741426407715686038
11988529862221053337
14862940876970136115
17758954427943658826
12700536695881692096
15306945836472467161
14966570863687925131
14106265627951530631
17432786065747898351
13539684865985784940
12542916717957583680
16238615214687606651
17425492110688162330
12071202817190332480
12040760837379247258
18204936937900717774
15630759111953841574
11675255703470860450
17186493620735464558
11538792448234311403
14205056283743588685
11751034240160508516
16407669892607928406
10143758850691384723
10640820964750654318
10615346920501929195
16547881842654497608
14255395984912319939
14474064531767682291
10813845077339949053
15280582743554395062
14989862005513279141
14894804219358792755
9240679030031144294
13053718824090830018
18196260697124642422
17036171890679644999
15797325445956609727
17758816846377163343
17039805368585503965
12023729927662165936
11693892432246963376
17409697419711018791
15474636727882238290
12789445511439350498
16869159862580889156
15433674083781596704
15453133202510794917
9659860169364064924
17337215735508396847
11374509956074684162
10626654809555363035
12735473180652694652
13818731511578286345
14575724596861586932
11397838584672239395
18264523828467931513
9622100435626159664
12136750374953664144
9642256562291369014
17517524373068064466
16591078116331934692
13206793983032776320
14020482479001952723
11110860636674032546
13532799470290460225
9399332281426564604
12075629795285262885
14012872012202923987
12424611788503282628
9489024669008977518
10563234348973875906
9433194113018154013
9512350621332039729
14481154970270402953
9800740536966907293
14543907763936394996
10920089287770483980
13231719888457196499
9451544867019166543
9597557901757604644
16685280105734558619
18044107774774133998
10951059503661549744
11943516806289799346
16762027384611163034
16999368150745515756
18227401607216420538
13547943915926516180
14605591799581419874
10679751685002905193
12160051423419355063
15295831519362176902
11959082105299571277
10084291413709070657
17436051600338895858
14539514102153485594
16583633520707441813
12846396815206110895
11458135680065242241
17122978210214630676
16462286738639514931
10197048012647116558
10319592132623338977
12345432139508970845
14513445641559209961
17048872570318620955
9833133817167307055
10227579645778201501
12678901627039816493
15150213251462588099
10571094756696412134
15010110462488613312
14534091461296386515
15719951731402524306
14249091023017962394
9564040113262016253
13281062928901776272
17234700574897510039
15085823372829357784
9959137264128419419
14346115329914772371
10080591249623114200
12731107986677315417
16938124765589880172
15736486839318662869
11889752582436548058
14950746768970703331
9502954256314762313
13010875169819009499
12163658898768337438
14053773920512191507
14404946512219686280
9294616297681158048
12876216021178103271
15722821060554981696
13084858761116345444
14541541789171266945
15612983016690119913
10224306748853849529
14720866715408693798
9944538514653405409
11078299345396230553
10640737065208939729
12474721714675507996
16977602637010502968
17403839317311013613
18027439373494671735
10673885429409636991
18095718517830703133
18108598916515906531
14732059441446337222
10602680541028612987
11864669061619839598
14089358304401333516
14577262988010963164
14462334307736232049
9420814507135484121
14142660146038251019
10060514935168493249
13088200003712891463
11467175460183223577
17973323168645473428
17988313396353222950
16240196588066815381
9879397079033521527
18104360586826432811
16484280746648677034
12308373732240161228
14749972110407935265
9254808192525104809
9519423625095043053
10854078757776932093
10144234949992633509
10015577785469454148
13022848785785401493
9780011893483059926
16624831894893333478
12370605494275581172
16599109349502316731
17259319439753114032
13008870983105363146
9280742861535012561
17304252265620142343
16461764209336323143
13152234839681344293
14630086791631201453
14936561110846262729
10058359373647631739
11707813482435458516
13478723756418381269
14279728891463623169
10427689975677418261
12274865391693736769
17109969187960363631
15741143791235460332
17403338223672901574
17201036634566471829
15448530752259478898
16412836200329497201
16569968323959262839
17214798798375854714
18119446366233515786
15854994334593535046
18300634023989476976
14912404500416628182
14787227034687705101
11119191595705851492
16670290489841393502
12167325051658006116
17681603381019600813
10450932555852294146
17825150932531308975
9909809642432213686
9988417856430869298
14988457206390994604
13416266888033412713
14125432187655415316
12300933900777656264
9391057734766207266
15300543998536808774
13991962935985745887
13503274831952704163
10786025377533774544
18196879146788518811
9652053002554995716
10831950847556487124
13881850494227407890
17232872912165377262
16000254487426077197
14393633549456507633
13051947914930667871
10422084317158011872
9505278879769210796
10678225995231895158
18259356096791636148
13997448008085290016
14947469549210321654
11807996866958776222
14789906775978624271
16060171945827202072
12596682611416023605
14943933991215803209
14518525548119550949
11273052237464623200
9748783988392452762
14376943893904720226
15974640456427676672
18361963880218307070
13595720072548415419
11734227888707364093
13680016396307650398
10570512155752754587
15042998209499814742
14305378756463058708
15247255991867656583
17124237776333222523
11033263879814082536
17805758928206603245
17218087861217708712
17649216792559789821
13248490177024498916
12501906311319131223
18114727558970332385
11462331102960492702
9333933686297728456
10787556524788739910
11314702194961522354
10438830843546281507
17140921891929179036
10256082651701399332
17511910681168687567
14959428082788634772
9279010419813117536
14004751952129548271
13533954658019523470
9829865708840024708
10302891238317847459
17855567514233691002
11322429016218156046
17828453437877163684
16865570690004016169
16996802082736678581
15568710257991782926
18067631480071548340
18440698702383713510
9912232654740065292
13068109404407159382
17315250524792061922
17419072068750998117
17609292071476778282
15269277348380706273
13897758506860119205
17145518626087906112
16748388666723887489
13966026816667695150
12092070926171813639
10249913281944522696
11391234832204716977
14404096959284932705
15357936279868744015
9977503351315473438
15832517502441593777
13631653268015760409
11238627652675717067
15638718931231193933
13421030055256606783
14531705980822801338
11890468197376142673
14757907684397803773
17915577990710960740
13686637976727793969
11850202693463158870
9766000125916904074
11214854642865086054
13792440133380424751
14115355782508528419
15291825877060850823
10211795555804911135
14312707657990547581
13540933896153156595
16858536079042682061
13255893617527384953
17560190232812143448
18412344193919862478
14817592128711328482
11485234655914411201
11590796129615070025
18377930289574995960
10172187988055495784
12055956450768366876
18141010710797718050
17932306898467886545
17597548815729666351
9701287222297810121
15047052152444467884
12047690098583564941
17323194317520118378
13125741287402654155
12594072073949107191
13482266712962071806
12548987695048513950
15711490010801442269
16690637993567837840
14233414769848002324
11344255544230735998
15552988155732216996
15611110480735853085
13524596588691890406
13578274537498671268
12355065234393823850
14480968388472823561
15328088299651875443
11289677106678488281
11828356420493295485
13999526038496276312
16796977313184600419
9727052789403944014
17426407156786742897
16456079720063476557
12370523865336446646
18051424484150918511
15754537478552735327
11832193315813955643
9648175098632079177
14655866106732184143
16505422920173286296
9722333058327724176
12969121596474629462
10447096694658874531
12092634997635076416
16514926588811094888
9528563900211693408
10937406627818342246
11469715151312827337
17305587039110015004
12672877650402290468
14780480809139689816
18209398803070272926
10506640329571711227
13158848645440733018
13188947814852095579
15169404654404285217
14393911182992838958
10124599756810416039
17378716374843504394
10174362429722760781
17827812517917379581
10006814868294041622
17626364206731810508
16629791280544758951
14739179177161039669
12013658526811965432
10115103484715753576
16117406570152789822
18358547903134560449
10228780775250772960
15818478509762897606
11840067505091628303
11315057976914364958
12941712572278847774
13448088699492365825
9820778708863898557
14110726641283642508
15608396455117052954
10385462951842007579
12299010878965125507
14914491265132583958
9388536759985722004
18181717324074532768
11561035865357595816
14694273978585869641
11221873110399457813
11747053878634533534
16909770553617150430
10884877092552324892
14195775230357134999
16573383465511072972
10067957315261147706
17382761176321872814
15022946909271911364
11946562117630189330
10864731214227135716
10889837021430667082
13583732707984055202
14630693152598747510
14875272312517162525
9468218800958853060
15572950686012508111
12346853125310804730
9441227709913716537
14447786061605658399
9592302293366456938
12101211678792264063
10847635027061956536
17528352036669403810
14043340974930037679
17863629407835639440
10181814023460473509
9463627946877102013
9568580111602200250
15071630151266416922
10537996465639015076
14553897625247066038
14842206466768200769
17749604036838393272
11218829711364234190
17059981768442294715
9581789802903878151
10245165407803192556
17460706905259758648
13881594523568972178
13888524370813824268
14141779897074468834
17782784679258432397
9589917839734221253
9759177882848400090
16805324201146529846
11617703507606896622
12124722616448758232
12576335167601282573
14954915336924478212
12075132443165299325
14257343430096549932
13669085209250338702
15502171893869321433
14471763535220967744
17552817732968869675
16506895176087621923
15065895892526613032
12180813634709348601
15343392993157236066
11373538349178053960
15478593919106284288
12146525008477572680
17803383028677007311
17226123724584169552
14704060834493222675
13938753881143394514
15649590523024117304
10346894964104652369
16454190985626056626
13911640487729650753
16575998202128492938
9870716322408631202
16898891160596165402
12797960674030161741
17918899063151308816
9415268411807120967
13751796843978115300
18420626427074075338
17830814719014121868
17691439900106060276
10685150911524146917
16780615990553760769
12698170231963157122
12713086807962242163
9840042833624123481
12682196864707000030
15240157187729543909
12135668177067152886
11657439410254054289
13980656003698626242
15670549756790139620
14994312827191160960
15100870469755811663
18034887105916904564
10623078009018751474
16248318585603981358
15481568273360259345
9959709294317666056
18345098443273670345
13847573166270183563
14773017828832026865
18347156144372397969
17679791918788498892
16289809445399043191
12728899708539029112
15805685621086401716
10537366738905193365
16303800138398176628
18011983125620090807
16825009592779111618
17791239415529036458
13631600951759642960
10232864436988889156
12618189954064648235
11384328436490570388
14691218709110179609
11560898154396999426
10006607225992328535
10074163783531148917
13374528351295601592
14606495268747046611
14818167355343781663
9512459389942519096
15838279965149615133
15917195224305527396
17291248718670467861
13395263229034452213
15032085746997349163
10260198287794633383
11490894009550636724
16431714531785022415
10238415141529767839
13791095615710499288
18024331691924719766
12787348120490082387
16615702854850139499
11474987415291877212
15506428335788754771
15642119361706487417
16164024847017762235
17497082024694900194
10984361755254965686
9424991420452809113
15736680162886465746
17546570364484855523
11157202008182537315
18336680470701381055
9609163919128991566
17900998371045034840
15074745516784419887
9266635133871053996
12772230640007950860
10310650926888504370
17083983399812864867
16362410658371266660
13682640907379648759
13660726481807421799
12164706583035371645
16452805550367755079
13715710624588602614
10679070708987210283
13441829975085521560
9488704676831726663
17828555977011537057
13109984316272408862
17745010779188111481
11520071766411940277
12223919332294214952
14948024550762511311
13514468712058714044
18120719081083778220
12539369394432008455
15110831203135982274
10714003438420619640
10939897891777445745
18383747561605140629
15741754273772342938
15562422119153923491
16608683785450431656
10966865341709777270
13172055195790768625
9393789591259043100
17632880483860471636
17087046895204548560
14949931837087100494
15740641263625042964
12103276310954405304
14173750248528429405
9658699439619605762
10594259575864661395
9279107553076896373
10563408380743527530
9392714317801428485
11147130013356161146
15475158959409647024
16852581247156067307
9238046526470602854
14636320978834372514
12408909674923280715
15196167173463112830
16734351802793173399
18131424357397797288
15521147391832310247
14429838284543554606
14156064298563820892
18051200634060933137
18445531242158713808
18349711988517373789
11891151328452433276
9727120666450896782
14990280737486189456
17676164041960209287
14901921281789147346
14171309187613736700
11105734915632306888
12198946211153505522
16756892579765084154
12385604280936986289
15765684646068037129
11780519593862670266
11611749208252049739
14621465973558276189
11787901973878958662
18266719245195048539
9823778107764726036
11049845018301326924
17012936409323893711
14073850540274545979
18444950046400799204
17461875198386108194
14614580223857353014
10071079316090519618
17162550601487861930
16704494077959308785
18225375079128038453
11550601223035909840
16829357846551505787
11703054104288600673
13754125295384888571
15592687653678019004
10259756022295145151
17922565578941825384
10540976820867201893
16537501327468922139
16283633165159687937
11837911594029671139
10219713607200089657
13377066750547435935
10272493234496718178
14946688955958285842
16871216102303404764
16919857403607367597
16996291792093998514
16715661963650154176
15337986338387482648
16392551074933871785
15257770997646271951
12836135401996481016
15678902162173747381
11150437953461810825
14259999566579098178
10761164766554867859
17155861243179466986
9259902198406861500
16517046223566533223
13389560332140682234
16833717524760873991
13516470802589068995
10778114088549322110
9250319579852721136
11089276401953996424
17090094953831249364
10968480965857619875
9645323476431744306
16255056631293449335
16177608702704855719
17506747770977822332
15510677239432818264
12890959729178169132
10924385608694263055
15969568172529163659
12324312130384528792
9971898449530110087
10788513821112302412
15907289071891590421
14849632673310840462
11646840222913331326
13464230864547105186
14835230790964169408
13166520553054481564
14355014430150766034
11434978810259252821
13087516352578339717
18159217871768871007
9345291662193305115
14426982433481112665
17283442527716519313
16817208170218233136
10608083961626669607
14321063697501546475
9256721033917596181
17324760087790519469
13372403423504967319
11208018323018549242
12050162405789141349
18176452696680453848
13936764201298701448
10880636458524542541
10872108198704658834
17481667089755884901
15489008562184368188
15510450729371306246
9458261373101774415
9273219691604179751
18383489491822333189
11354702986293692854
16063653048961393645
11911059725377283892
11952318837452866514
17422212492629942963
9734606041590842176
16049659544484434480
12648002785285865066
11061150037797386932
18229535373701252031
12634981404658077652
11828091283949840191
16022265896148171404
16149599349048771312
13949265034745883699
15525487075423524430
12873807913758877073
12955211887892947793
17431873514820679221
15754428480672297103
9542152656320040691
10600843690737729947
12599316928951268491
13820861571666303948
16758634313795901263
11037091360452631054
16830822982317672796
11734822492847361625
14230820163274056645
14737026392582597769
11762112859458774400
15828322091766591667
16529227053853924253
11416127658698506494
13991536078853550759
15346201312828390059
16627188733239313626
9852509699564730454
11734602777424503513
17933234766403977439
9701471148925899870
9348690055040681933
9320782135479163678
11875152608331100172
9398086613785599245
14015286346755081436
10903892935391225828
10862422678803908381
11949742326838533948
17098889531503197968
14849949979200075878
10016028782044516358
11386627125351365499
11655937367748102496
16984766896492987407
12989749419775758201
17127251290280502234
9818936405393789623
15264070134926407464
12500047970976699095
9492432661487333452
10329229418724732217
13516258153605845359
16262923375402751778
15279392597418170172
15851406877232368404
12619370654194125070
9573787834578668859
11548275593663158480
14869577639839809335
10920245021252008285
12263364092906103127
17420411979421195436
17573724558486554209
14103619442931755138
14019738477902506448
13626087056606630867
9595718003590311407
18107267981947503663
12373705052165748780
16738425401439548715
17326839258678213080
17863956105783151155
11626422763668197371
14563844425809769675
10796666584513640196
10880244061424427165
12754157910856654580
15681792700433016797
11675786860132538940
15003382378596263987
12948805930370134216
11468724385154815573
14961136986596099579
11149986148879595255
9326109451216588121
17426257346072713720
11259240516770622702
17689078968319490791
16404747838440750828
17388268816457703928
16956094237032448507
16277670686654488691
11826799067599028483
17290942144354433038
9509603011091321183
17682410405055692182
15530159079966080529
15275744718092377509
10183741097342480043
12148015967615011793
16943129308505276354
16530117118159439890
15745304489998129486
10059744928761765669
18106194669588091901
13601178048904646588
13983376076422368083
14015691120068268788
12384107606806443436
10022301349541684794
16335919045381235613
13706381792457765365
9302080168777620806
15479702817244041846
11111219847063299082
11993125561218851307
14478304433292832945
15774617592906706242
14556442907772471915
11835843670293041053
12379160457054199095
18329293233333878496
17892824149326492416
12331200207391940323
18078536320515492779
13512296922992815079
9495917053871751993
12679752688348707282
18385817898841049980
13105621374174598042
17300756144685778599
17789780419447616449
15124782692238868957
11929628347124593558
11364204662529579963
12060842224438312818
10856311993049674849
16928368804343353031
16965820752945241450
11993173646238028241
12680386206966560761
13792324897829382168
9538080248646492176
15865701436211739384
12577672759841281451
10095865015038671978
16362227327427369524
11951106125404777670
13049287904214230692
16059885764527852270
14583522402859834133
15011497739860247788
16080772099458153864
15384135019637120612
15048345686280531112
9943342457247670259
15600620806037239740
15257174616949398532
12963164124820326041
16524201924267347558
14552505727423953613
13152759742051056570
16593564926531326924
17754371759959624876
12996480895856535706
13180274127409494531
15454271181794684576
17619126928547179309
10734455382527639336
9795193641798162649
15972377596289687954
14867429443896543562
12820032775765901744
11949017299490416338
14416540243548015355
14485572351327281168
9792434285783954510
18255624338140804015
17735079595041012111
14732253182564015616
12383504657360910487
14035264177596134904
16034748842801973001
13254911207042382928
14773064600130408174
9489654547318526356
14607006598700329029
9355762172498964361
18355703219294280381
15329873281801842595
9270813084399377807
16726575346666488316
13842989117436451370
12473274634982233278
17537057870946078993
9668523885504399799
14793470735502257086
11032068381475058288
18342568263774070457
10549584466222769024
13674426502680782919
17633566306859754347
15635738282001914473
16732630600600013542
14394474873576127872
14073179496924345883
14392763715691239347
18107268325285662635
11210430787071378498
15511346357964013001
15309239357847087095
16821001916730623166
13820160598748712520
10302061453781013692
14911956585668576609
12357927083082687424
11011197240566731939
14249536025430345554
13145247465272744120
16009650231222234290
14459289181801328579
16404755031570620773
15104243818340468654
11728480661410051639
9879980888261653925
14031434069390415009
15644012585460819366
17991160548314465289
16487070968293338256
12366897799429800198
10844265718964156847
16167812753449162093
12556502296549365007
17936436985170132383
16714307735044115820
14319349458757290172
11060089909070885581
9672962894451509258
15194525303927712581
15621062152695856534
12086742598374494768
9818598013138102947
9705993298830253086
14126345775646059621
13920215331966364289
10230802512029308439
13245747694823712118
17690443288358648256
14816790165199324256
9356444992161131003
18206285123007217853
18431346921518006214
16330516531516293355
15252578773542582495
17077103193428993887
11062369038581670196
14974990296222389113
10080659918068613637
9519381828742448676
17426976624369321202
14168060487233534619
14168724248051825833
11366323557534058245
10895769940944729293
14276849398197670512
14543723358911991747
15896968200921038746
15567612089005036987
14901142113987009005
13185184351914055341
16295914461998356012
15500589656823623714
12222591877115169934
9641930904333355419
17375941318898475410
15054378038735585166
12147836605465153949
13762207909313678253
15161525482800187626
17349993435421563551
12703535284867628335
18337717047819028481
17708860619153119570
9679102603498497367
10971801984367279050
10636416106000606929
18173918816821446661
16673159975297402160
14816029698413678581
9621418832687435467
10488442241237453943
10082083037524480117
10566688829066356746
9753896973567208170
16867654752695986384
13662716394528427598
17616705188486795036
14686261637757317415
9929276121066547223
12132852820836987386
16037574129009818962
17001808302448919033
9392464212306159517
12599796433553831967
10061811639128177505
9627149148138788423
16132447771616829624
13541013750161228702
13982999283209370734
16419088973450244771
15948140287205424446
14395973092205225810
9525400932480969130
9466738819990468208
15729720723073663198
14341671147518423547
16825157178546813161
14085133288384607011
17394848938494076154
13140265402656208658
11566795349952982540
13835700803790907677
12855294485882834468
16939742167056726799
9821992157546871366
14132478050922414023
18040574176707077187
11643311197294155028
14082151224875279029
13354589237618848695
15513256612371910143
16682828680901592956
9743467333516976751
18356433338586784928
12923229695374790462
13597505367723871310
10648813678218551821
15988048839933000008
9690632696069800585
14338000181530356531
9564068733086495169
13322836592642250172
10273782326038269434
15132845362090769299
14331419455846775759
11449667506227808986
10242418955034654896
12281189547419013847
9228525519909790078
16969396385587661715
13359751000455318557
12300777335052792940
15469613544561853877
11139564821637041951
16534186934756108602
16248904916850293952
16170002523364874412
12593725185067150704
9990156849986518828
11823628523533822954
15602402110301229670
10477060263137395966
13098571990761784880
10810061906566748580
15474081469544291969
17389971682380907277
9274449107255291228
12216489945399186569
17044191362788362477
17423844253197001162
16858095857978740267
14551797649935527482
12528774235180810260
12784657594191606570
10592940983271229513
14418387934890369955
9603961023109895511
12442119678571939410
17014553255338792243
9888508549869409156
12719459132488455914
11406892121191668099
12424751436590948562
16560685485566571406
14286909716065285131
11072573490341727064
15068801132305933072
14313879200748993684
10300537025767278271
11973569896813015216
11733731460769295558
12305969244408248120
12870786430958140172
14618773523782443066
13837834631340128574
17014196756986806941
10641495958572721379
10705971811016649315
15301573451720100231
16658956449938973604
14053123786370987127
11968680274384952275
14827388319440543215
9755206193266302548
12448906824614043838
18230362853565300253
15542134080031080898
12556087128317480617
10499064696588177465
11967555489099574878
13753247945401421246
13841694836025842191
14440307605199511684
16185629706568325829
13764756951447837933
10396263369972606702
13097823482320197003
11711706111016779328
16650160176663603434
13441793329162336662
13616431807555110286
15796483909169495984
16193379853078415350
14288573777332021313
17163941559151838665
18306649879163829158
11784675917978585347
13741375213221772332
14701171920517998828
15517302883876456750
11421760069261380997
9257581054946130337
13667119393403622974
9255957226131734125
15829426907955509434
14435614200308420797
14486566380670526448
15046478262887536554
16840302873084716642
15544951278724588896
10970131758947646791
14764364615304630942
16536687077575505159
9665762820247610241
13164001942760536969
10062480529979441034
14040942965050258117
16819498551290925340
13685462909963370231
11743345225827650766
14186224368821854165
12226104498040969298
11920395187043256097
18079450644296731233
12011016769875986528
10888378986886271101
16323387990854564287
13085280080913554524
10210783226835694525
17181083965703721165
10791129626948248840
14958407144932379690
16930789610543788934
14821437813090461380
11583357295153793145
9412475725693320154
10867049363911867837
13214847206071061741
15042879494321421807
15564218918337969027
15752218702669002107
10855948365793810179
11950050483345764798
16834502331433678256
10864403870683545728
14880173790716707395
12024156570715218478
11114375639382988533
15800577234026427916
9499149229130791732
16943224090725859200
16559045664587572352
18377669725412767731
9671613885930446018
17605971712828491967
12389333013376075801
15283866065481302758
16809060410466192760
16841991981651533776
15199002258943486693
11056286198024148159
9877369174402061219
13434060342979420308
18336890440282339676
10062512135218719781
12694324333000280079
14155265580424451921
9565094352042741661
14396094028188897136
15895424018055705255
15060613923691946817
12573013867305956404
10090314946244868316
15228985624582941564
15065098952514312829
16937393717814585679
17683121675460276613
15441125667126934227
11744311861514988603
10995802955760563841
14964261851627898703
14138543583470564334
15688996533346749245
9687830658141432780
12005263565769636306
14462952473539158700
13957612842448696979
13298447089403149611
18090640370372815019
13764495685330206803
13563969396906229658
11713286960730930938
14850602217678874681
11900915380693781759
11357535911283268890
9268949637625444260
16240002442790199180
17620923873249419996
11249943096339963186
16384981942967145321
14032857892765492594
12112669673234581294
9388768266221246605
13338176734940974125
13935226596825444198
10823365602895853177
12253534024297399553
15580501437308722702
11106203166186580873
16757070823943606890
12069420391405046593
11012290189315409222
14146020161119686544
9593453897615691419
15642714725023365805
9261904022073478798
12540308151963362073
18045736120727090401
16336646417421803102
14238041712259986233
9394115040684210183
15991221451133286930
13466219150402688333
16723977922737342803
17423477550372182270
10659766386514044739
14213732481617129596
18055023253535602282
15669520448917600518
16439066344577885890
12055259299029643417
9668395066420469887
14801755786941474315
14475765986874798842
14123565448564658355
15509210966073033120
10408246829298314858
11197110955116670640
16241494013148545213
10011898057490801763
10376967620506272205
13896008793223640001
13372121802350652958
11953857893504301763
15506933128543389984
12983122179005305716
15225568163077237423
17408770512068047509
10351329579190760274
16397529392566954664
10123793998303912483
17327868535310968471
9891794353537232854
17945812219516904418
17191935919546416937
15554553811846231921
11212498508046287796
17615055264341605662
14617902264493965169
10420792347321140228
12894157091931796399
10272315006748913551
13014134010915714075
14769633485866576436
9886673863020473646
13622619664057362502
9784507544055804354
10069787933688996871
16935909029604544385
12567898736915565177
17585919133688709801
13375793144308613650
11097394483133723048
10201055469166413918
15384112516439791684
18418633107684545413
12833145838881750364
10621517522962876191
14827851055499375117
11459128185774313035
10939293059559855056
15591527702847688445
9411086131825496497
11010011281886454546
11504388151703462560
16281974091186222446
9608186206721755926
16871693373940168062
18188365227225762360
14404961444645409361
16784290985949931255
12514584946152488262
15918759098477142301
11617559884783209208
12077129801029733462
17405123799984406897
17910602669259159546
10430599559839900946
13687087805525425432
13983037311002076813
12696953673341042470
12032254133646084548
14197877928563684860
9427268319242050238
12812045015816102083
17429945290704807697
10245752289750480327
14435935458785135198
10166645062610335670
11518315829609476037
10607747254774353352
13612661265405616924
15675990753283923258
14915489577767423211
10609297016232015828
17105444547335362801
17286546785410173601
16438497870774308620
16410805503154012063
18105325120583649938
13987189041038145494
16079734821730911402
9999114107953648952
14600070191663056149
14807309649361633195
10567290040811309486
18017807184298157106
13469388509359710412
18376319767444782734
15418386053404928336
13208260878521479080
14462339792218032316
9503561362112662380
9894212761235369593
18020405771413328461
10160165397229078743
14984465221591386051
16632778798924535198
10397802474522971361
14450387026752735570
9685068007515847410
10833270593278892244
14982544071418877086
15237635346084618342
10533425295616434826
17316053962301693537
16973305299436172590
15955989001358760139
10211249633341144380
14976371967363243056
16537836992779450568
13552509401064241315
13657261896841190395
10064277301274940260
18019188435406722022
14566206849501483433
14569056278563732913
15587571198525328304
9534798638765696604
17947965036205406470
11735378372792485715
11133924808371282736
12383397973625457998
12949186907006962572
10707126627516116047
12565271881155761103
13718317097531708418
11548696717523722667
10321012106442064637
12221126625698731731
16897970636853886956
14329121780744762406
11521597476789790781
17005114829026685589
13474700052913907025
14380609839882895046
14267139997099545547
9743697869068068787
9348679023380503750
10191401179595385423
11790472240256777071
13733831608073011379
14921469170495750264
15386204342036343961
17111200008850937944
16009007598889125342
11135918439015158244
14320872045236031927
9972921792637263923
15534619132434325664
12652627334135939511
17697021361748503842
10187399283022548985
17128319764917084741
16805058633528555177
10629468244825542770
17834439196526320636
15291247691598310345
16345958609063831044
16461899767361950993
13665368999637059905
17576836943402899222
13431631210543797981
15718277757114611747
10516015204938783026
17971791683809395710
11267064650284064012
15113870000584371127
11857405333407281344
12017120047378758049
11606282920452674466
12387472806412031896
16789919595367383470
14388090139111867057
16992639486861065139
15627104476393033368
12492508939905555244
10278501165003464548
17373055224207409003
18435438961998135698
13941898077577762171
10190500021591347556
13513881938989631850
13013160455988598523
15525716860085709661
17765486913357419219
13984326730852785461
10083518553136172936
18113782283060133022
15114139124055683959
16471394733924535674
10124291990679109781
15018935769184684961
14537426199125831171
13667152765196767390
14865852680849016307
15774406657109801441
16595114130877117797
15760804607926156891
17929029245736852390
12768440816101885430
13682643349676694246
9413272705385684148
17946617358952994531
9804053228184820049
17870782117051728326
15710260454426712652
16165644730402248788
11619122190072055991
12306183334317757434
14768243269078377109
12033207807226508349
15784443151627382345
10766015717505692137
11896166394895446440
11671360236274740744
17934957741180675367
17104847555312379664
13075770203857528836
12047890922033549248
17556546236111291245
10258204448178086914
12691122598445409294
12816593162836010786
15299533326974044891
16428320196007948047
12602486652098481935
13552579004948498793
18261193774480151535
16342894308050717816
16392252524674810694
12426912478274570144
11773626603688264567
15227661231996454491
10351671337118744009
10778856410322992744
9517241429673724098
14831124230413845948
14021633643995422755
16473362271729154277
15928184842837102017
9429124667890947675
14375004198730327088
12794541557844571212
17960201349672654770
17055648848956983583
14507577943833780235
11155929595898120015
11996023165477111809
11467808289936661076
11409666380667863314
11761093093280993121
13294669969737295109
13912914436585675014
13492810699251713136
14522971224823893002
9254813136308903265
12158330989505315622
18252068242221707683
13466062931699015395
14982156452929359112
15980372082644302171
17657803324144761877
16363527349176477925
11733505207066761612
12775669939932215946
11413952966808559048
9974748806883787830
16181145068440065939
14863245104484144400
10554839064612975138
10514674456804359734
18440293694401135889
15736473648533591139
10893241396212091439
9382728561607482319
15827718536960773461
12092610144681081737
9255327407119759773
12717444311102729210
18075473251271993821
13971529451879771240
16596710519524348780
16245092878552721593
15461788250726165366
14466121523721389917
16123313790610004478
17245854220327973372
9874901036388739635
15876849409467719601
14909921207439298837
15894009080727817256
10785815056926300312
17919237455026094964
9531054484471890433
14001104061603231894
18292649016233612032
12903611830342875762
13316659838185759494
11748403539784337759
17770378130109540792
10526130546454831995
12151072859014169239
14017781893645354405
16175520045613098577
16777781377535027879
14964646020815405320
9650732782500789836
12452318450515353340
13095198409532194857
9268742401844374487
18092805383208626932
9779164065360323605
12350561541791768201
16852820911034633102
12369753890094881443
12769359584183645779
17958483548553831313
11611241379197945282
10124078773087265680
10164481445063830998
13105657658552428522
9850151681947128356
10644864209374597208
10101475219080547411
11504122194574846069
17695724918991913504
9790761754386717410
11190265144428490691
12953372532731562380
12678619865912169276
14079657789703764265
12548643112645574769
17620289768096998586
18329579053447397799
11588553677868751526
10795121800302394166
13400824466219399824
15688571068345042243
10559727592539253957
13483367235552843699
15974895913639046166
13692660274142676583
17752541928902849004
15009691469636171044
16554863400047303528
13346583033212471285
12671286400764908401
12046572816044523825
13164840204094307546
13620801959404219923
11579153531568598567
10114162601690246190
11433792150047551121
12631539285024075107
15571180065602673785
9608128497926190149
9276107840047912436
9655142069743616968
13840364068514133261
17658726318456756805
13035422079616367391
15241038184641905127
16326264693534152030
14745062057013262841
12822632820425511058
17180399065140655864
10164694241575157480
11917825922932805186
11868370142724969401
9719843285301976932
11534955089124985756
15421050670253100690
16423014187685214425
9266190453800666595
15569655247906582236
13835412522497357561
10892189009958128168
11280501629355045140
12955584708343891959
14847967415658675189
12553488253351645706
14811827623738947158
11864954417769449344
9605654596057616967
10061888736644393859
15671184634286143487
12702835324843922645
14603711830058478081
9864544952868081031
9911058346046826237
9848595594679459356
12770179168554572519
16619174585772692579
12917323426266077251
17323125682479274698
14325244160758149478
10304541684825503112
12272010140356243720
17169259620990559602
9989581820018508270
17949478972091269908
16273872212035684481
11751299631748221480
11338597744884734257
13013475922117601851
13635167528389729518
10899394223653132166
13317941160760525387
17754037975448241105
17717581164809279771
11907494649559125406
14826721407398917687
10360883619566915964
14149404664126296889
9395870477467606897
17013738349707446115
16108086769199533483
11392227553078553996
14099399259448481755
12540798259841290884
18344881655435604958
18130934141959191829
17986011036136374817
9683332264742167583
9772078142885390198
13295119433451934267
14582785492680331875
13307622792498491275
11318255432933327688
16866373343908599032
10303534619600844644
15638288016895936924
16084369595697004414
9943969359616660190
14159495025483448124
13789768170553747795
15851818304902770387
12172388783027238247
15809361726282465801
11702887238449517573
9891395202658149410
18311366871380767384
13489206329515255633
9299864734089888649
11075332290652698283
10349863966987688930
13654100735174404895
10734290185796893738
17062677894272275539
9543803743168025117
15658215550714036262
13635303333428441626
16015847589859000050
18114470019424553437
16747104496207815412
15493455682787550968
16731851844954251529
15855910150070310846
11427537334296003662
18029795301439485474
11163357853016806204
15706888707765321364
10547543672900438091
14571501134058084220
17581383236557603736
11568317152013595848
17520368583571626746
13460108444956743509
9497391341875607118
14720170231660988497
18440004211921980807
10853646998234698594
13533183322757379324
9502695666588492646
16376639794135747355
16014834985056562342
17744118180178063665
12354476616423940538
15938707909669172131
11702538423188553081
15747791118600676635
10896502777069861808
14984265535207319838
16234164624209862878
13419656314234748642
14156017208841733515
13271394227358432444
13639896216337952711
12037788319736292880
15729157076206401320
11587122948440171950
9831669227426791199
13596300402865271632
12378300547574696930
14433022959499210726
16427623190458227334
15870227562164106174
15615187308493340488
17518284552377065150
15351485615362741815
18113818487275153433
12158649388853583999
17005986642623981639
16289097551619001704
11498945554356600963
10137642243325057505
17653829659566931710
15559450106209544038
15405879275316871389
11051097920668819501
15526513157546184146
12775672247418495384
14451565767122995768
13653787997735902584
10443081050774030198
13299892277483582399
16564942779994938894
11444800623666799145
15600288145188628250
17101205907605657247
9748880323418944332
9434627121590581641
18383100029016084072
11025162725779564659
11065871176158367396
13921834092082224051
15065616835613275554
16845089749213453205
17700440296318617169
17022146897909627965
17471001471377052990
17827590173568029039
10746707424445001980
11226663509546863395
17297003734688066500
10835329242591501428
12705573263067850225
9733367836212922978
12585449489494510376
16378477499400244126
16867598835692171726
14237231429023558242
12493062625382110907
10692403388878682928
11350942189649702526
17953047669086784729
17897466495746728766
10418643867747305866
16321562700003881900
11769436123322089643
10934665334364370095
11315409631313039962
14512227213807229110
17665897687296211299
11182411151858220874
11266885633186514120
17175009913917747072
14363580438364321220
16537412188295778362
17993162845887365689
17223319007163861817
15164583405173836573
10578675135895120860
15724258945547179896
14089280624521041967
14480304517016329367
14201192392161759715
13533454054080016492
17590144246690930980
9879615157217933519
10370883814068061014
17334065252185729115
14947120499897646390
10444003309931522473
9558233037175390532
10282963587350174322
13085326667537049950
12968717099088314336
11287963138225275886
10068563832587299284
9848281356303926679
13875592269679463326
13575308627326925760
12774091783369397395
13387957149998204194
9905927165518159271
13065316717245177116
14821673224751932798
15029462946722384322
9964845742358379735
14574512406712300603
14859288086662994106
12907479521269322621
14117966867956105135
18092673746490879758
17179601523727139303
12159242070371153458
12234526716882701508
11968128788942816967
15167811932270696569
10911075929995649693
11718723734593497715
14857426562824445852
16397568053321796840
14226433284496465995
10002232067514805488
17520816631970190896
17674682148514381594
9528936193381645022
18277559040102362374
11658396893974729015
18050095533024133625
10727454213769780530
9941691917926042431
15837554550199483928
11734895608060995509
9627109093242275606
15973550384412627409
11133973671777869039
12680999737744194245
10679455998206089946
11602019312103660431
15539648201290037959
17605931702694415378
16931422419899018429
16466534167825284850
15491167988235253491
15228103740533287484
9856339429314737007
16162430500675715937
9737246291076260828
9621800685630944889
11936730473693512005
16427133492038293078
15018035229557588801
13393943498705990448
9909243603512755819
14407829484081300573
17951382242548944649
11997632987287366187
14485030242308537285
9560044743388771921
13056239938325539675
15718663967810066457
17489970146697887828
12328644619766226035
15128528936122810574
13530153983889968157
12891031792278344639
14444862644794973229
17768053228505780800
9886587242916246749
13787132826124874614
11800318880006015523
10191375110359973758
9531781391003245237
12123080232502911801
10689809879569863727
9584718665572787562
16378320099517887895
14441445516193568770
9343453776522533219
15258283106555853722
14008547215474413900
12733981360047579450
17069275134251085998
12046283282973235667
16205082804874613252
13824791879128540772
15316852373617636303
11934006213116180468
11256672575136528799
16064928007219003461
10370556516947762140
10314673818649682946
18283508026023043503
9985334100507784785
9906126805863834830
17032998869460705299
16302032925541028639
9450755428796755837
11514371471140306417
12415607432523143763
12960434157193870339
14229395675201445960
13456298578840676308
15065294003453309450
18280270227200386496
10695875195638330521
12853321747179991773
9674309997531410148
11744881591056889523
14507270577942885572
12386200808927616427
16951704602964255641
13699454254863767464
14065452091811477476
13670805897605413400
15760615898237338936
16168207499563554016
16402084811427400610
17579149568568178917
11643098964209206890
10437811901579560629
13570948836352427979
13499720496224545041
15241743208276978217
15434193269859997097
11584341514411608518
12656127126514002307
16580876325523324010
16056060993013022269
13151546603648655521
18186600030406022450
18123948619480911305
15270347148167646345
13225834138625858765
13534529754970434898
10683808160596071082
9913290745517562482
11072271492656798435
14636925452784203697
16845996294720899666
13546203131970458886
13831172572631011558
9723474155615950856
18200004934470278906
12982286043360673456
16499773931746799823
12496790393490702193
16384948612122905908
14742537661357602548
13749484722506956783
9729843270565414356
14827987183940773583
13645824253593369078
17463219887195344372
11433797466674519972
10033975014586662522
18034700566174114009
14643458383369546063
12851606021217079287
17915722677776633924
12231566461942343760
11478243951734170613
10833051302135947819
14018717094416261806
9828691677204940755
12706848899572440103
18034481210460190820
17580009250070729213
16590846038860503613
11222182757111664282
13367064544371924732
11317351620887991517
16051437195972281895
16572194979603760165
10152171997239061705
17781424762411396702
13400223320544968359
14827504463599412683
18354962625358181508
13678767970194045433
16207119917199495894
17195136514521818444
13485183061502174215
14204043175813505429
9414850355835726383
11706353281988346013
15140741701020161004
11131258072312253017
13952039945681356404
9605629326752643257
15141550636819745916
9761678391497510310
11232503788982851889
14816179179687859089
11227063102702056688
11647938754731544403
14365893447491677274
16343669951133059592
15125122900926138127
14138143301576616856
15664081337841017730
14776608234768375320
17720713893381583800
15905289676195266323
10960183296791814550
17928197086159932766
14376333273913204490
12956995983219128429
18368119127081076053
13414390726664826494
14472101357467521238
9781775212475980806
11099850792288129625
17545674557644672719
11661822218971027603
12933287330847386793
12638813533156648226
12490087132941603942
15561062928027444105
16074806583725641115
14373290408610294737
12651393755214404665
10139922400454532820
9729652947689073872
13135642358827406003
15299149047039122424
10840404900269134921
13693356063181159578
18350763496323273334
10835271125788233655
11952161339741828566
14707685089205745334
17716056086188839689
13001530652123492488
12439963875578561851
9851337014887220759
13058478143355885841
13490475230167388345
13888252725530941400
18139895849487795806
15891802784199150002
15863412806006126149
17811566734656594981
18306803986474147204
16229291638052352805
14942231071671401984
9899959292824685482
17516730378378990771
15253860640909440500
11697582280971131755
13903093569061645298
15018441990821842090
13140663463160859992
14509021210716725398
14412175229472292538
17918552969599787918
9388153078643855711
16625030782135274983
12290521596244910974
16013350233770476419
9689869964564641946
10728162271213955546
15724880563554366356
13272971631078835825
18154033050551485317
13332181909558083025
18196844205313761369
12974693955786966256
10358918285946078132
9700305756712077209
10891486767616065142
9977923124788078673
18421845745187033307
11474954858701333906
9880458782439409955
13845832134851690390
11101841166657143785
11634640801384386341
17552632108077443568
16632746373586714065
11751529116365211800
16027064787645775267
11990510468358297885
9381469885425649049
14188515039771245282
15235375551279752588
15620700739090210082
9747632283897451700
12349834841453459728
17646008664227473255
9602893268257560007
9441508911143532329
15205806283378121200
18385425797177841795
12732316115394834078
17076101824170042642
15720951327873625022
17207709544572667007
18415398404262776775
16922370223762707716
16487157753872659366
12644057042473339286
10580294332192885632
13756407266212434420
17546281891599776609
14216107728501122088
13501433244693390654
9699217327589057614
15400506521830600064
12341631867004758896
15609351517595250422
14971862348372067682
18302603486509605209
10952469820618864106
10582031028311031305
14778278399694732074
14421941984393064954
13977357231920680389
16768072500427619430
12341086709813695828
17149133409001872616
18009141483847032212
13312257795358111024
17889643499753069815
10284845266611010640
11750427450143935854
18083414155376560346
13800205144052700939
16344168748845711701
11363751580854269376
11494358951841219786
15105173312259144796
17767233957726114097
12865062003082792629
13508272752453046382
10884103820971573703
15481676692947400727
11157766520134984658
13143209783421506584
18114984452023694150
17286430843710680667
9742775529553527802
15555488426423097496
18333877278371038021
14321839549557207064
12163126111116368391
14431144464237246584
11183985049987260114
10333283978296822347
13052186380192050277
13736938899354361419
14667118040585187869
12984224682597031597
18228247937237805603
17829670702213098891
12136385037077009722
17734688286330566430
9674174061214693894
10591557317308871719
16519357145534509991
9664502310163255815
10112821887214279935
12177390981880266870
15404067178177310794
11994991007011663355
16469414898951251973
17973394309965292283
11173432374846795757
16909628255189059721
16656504770043119294
17921127345142008002
16818789149869804192
10946378181610382535
9270130107352396593
11903244317918581962
12645467348208773539
16368560535675124397
16314069681898123645
18060834761090310210
11290198763482760397
9810100129476589107
14960886943492450028
14012664194710622347
14889147849557090778
16728798302649173977
15894561392240731072
12228343455233699267
9490825011621245869
12193781893457087402
9805443939050437972
12742531501959275708
14667553147172350060
13978457809834565731
13480936913950346514
9962675133104418765
12769965921283416950
16038720931286870043
13013223512019815115
12086274402604868543
15298384345550326017
10505571870913659088
15407755568237129752
17223545510218802223
13564692397591386947
12159257250078033450
17786954278227700665
12682861927061848508
11331526877910887747
14463432626357934640
16828361490188101893
16412029189478308927
11713053190222904093
10011676429703629002
17697736226082799315
14725882535792250838
10315609382403452329
10175621376194432364
15018425391654244507
9756380025743480165
17928221727656783375
12049221862586830721
18414658429341006467
10545401876169578051
9799636798689205958
11993707695188721881
11066034448855259257
11532856464751553137
12650185223131436146
10910718871783325494
12510529636226323662
17439580382398329626
18258907840378521397
12001719303881234129
16909687317182568671
17852935321073634173
12906853328823980767
16209902741249417820
9899363788036595021
15769028790349812796
11271464524912254706
10308991919033732132
17387924343849567005
12007903478707797681
13013886791969407601
16772911960506365295
12943915461872286744
16440178427890777841
13109004104816406402
17472690527524468614
11288996501776402795
13288429892236663786
11857715641096895599
11433327382182618357
15736826260033729253
17177973260783154143
10712917650765754219
15363153324066669936
13004913048512684513
17460393588335064351
10514190876608460269
13255619079092918261
18326105050350359083
11786941276763099951
16998880550868408570
18110992947202406543
17946957767818676595
15160240303911465209
13392667518549135830
15245051982758827353
17517599260646238873
17345975401530454164
17487991472396877792
14930069148334208939
17125465784560853374
12975808622244846984
11240619668109928530
13503374807817214927
13572228439208611527
17609751949633182919
13320133115579053367
11900904055435699007
11382185559992849231
13971899363806371357
12980204497114935035
12135302338632984058
9615088565089583427
10297738811677147832
15566611535975639051
14066965581083239043
14813116113233836185
9660205251891485234
11280892050254130584
15630431884544225799
11508061255286792459
11422898023977034246
16998495823882613826
12848713962394648789
16268681561492741925
9514102589978041850
14896982776300908702
11213659601183669060
11828899141453273480
17314083323096304044
10893559412922163904
15260766092384070073
17710261464349284053
11730156562463189268
13689094843304075527
15316817715951091250
10344954556460816237
16357906799098957061
11584680825540512729
12733072237569770542
16371208303764032560
14129870843162690634
14955919919982213469
13239599172348787442
16738635965376587993
17030778295929976109
18008141981043396822
11975549539641552450
10106225088433796204
12210118513405394472
9487666924894342193
17266190510623317663
14001292476224074883
16736344062748862212
9864379178066243006
11334385271068046766
17262236183693903442
9822981988080784184
12809795285600612950
17642887429891997659
13307180120991304590
9312025468175009566
10294645733085063204
10607260426802935195
16339616582856159470
12729910394905969160
17236232322867659056
12309664105211945850
11453385641446281055
17633888794442115790
11548862288478203123
13132032221063361902
12693234921421898628
10478885938660429493
10167645704545545223
9902564832852954775
13750473234221272503
17415504304795946744
10262372909370432477
11869158188173723872
11724955241173924934
10080077539290056557
17861661517125170135
17723458645010948008
14357045923567393684
14109251325661059024
15914132438312998629
11345263854997653493
17627135352794961352
16302337678687010228
11951504862632392456
10255463924640033207
13834323735948950063
15130609994661415319
18310010119484883551
9764878217631955935
13092377181372712568
10413365320338579841
11306039702703785755
13388516055159249027
10527420294170935732
14837754986730776333
16191149645754579286
17203849149302466780
15347440000565906176
12774075865269550889
15812617280411923699
11160222756750245518
11292480319289404251
16449441499238676927
12298805738900202756
14552080835462027095
17227395220778498666
10359039416550827978
11442330028434722057
16962052734388861087
9599189825952828892
17359457955759996765
9561903710425066701
10567035855985497271
15833234061880129095
14081255503610043994
11118127994545364407
13139095276780335631
17402653295487461719
17504452017881165246
12713999936228088667
11725548086997010078
14510756510578994254
13216824363985760829
17333231930192494807
14869447284607630900
16856954136576825073
16024046446691405830
16637054063481862995
11322586135031417667
16220849133715617945
11503469980475704932
11363320486576212137
14333417953500877879
9640132310567100059
17499002102972399825
10569822260570900102
17545883532092842517
16196802911403802679
15363907853529139235
9770540288693577341
16885628655497230212
10400125431708870480
10140676457026690299
11079509493908153063
10521226674994127207
13802643109249014023
14347796708966756596
15411579127868266904
9356127437879104408
12513661763702743551
15205372969387401747
9861670317363781025
14069269381686136059
10003668361239286815
11884291520342307396
17279894269034437950
15055477206774878526
17669031977271084291
15552742769161244914
11622545595845229562
10197349734836497388
15518316948446276092
12761160364853197947
12233467429393587666
11532370323024431564
18370819434279235912
14687055931195321846
11637604423700730683
15289779218081560208
10122810715117218672
11317977818364608396
17431337537171314743
17395174692664473933
10565990532089772527
15055610747510432722
15534200198039383931
18235638347737333166
17639902930653162621
17534173289127580463
18440169117088146690
17379402550110866266
11496342077597048704
14366266344942578222
17411767968521993936
17773442349264663754
15291931850210131104
17707883234940260438
16279297702519916744
16118923048695570793
11841917905598762139
9555304542703397777
10277413395876118770
11634175978761460340
12214401602404665614
17502689579692524407
16622376634669292696
10526660234804013714
17006738403214848254
12601946176849429917
15597763451027744341
12396768890753608782
14946889711680458351
13415962214816682220
12031757396896099025
12219579385139481904
13722229561362465465
10902169809233768073
17828999366068359187
13204138099477356642
11485136146068183248
17800780586163415159
13217655843423278432
17615293896482001866
10180867876334876257
14226082734328745223
13182285638484946403
16240953633671242649
13023189722241355909
18141019129375600607
13378562562845833242
12920852838303193811
10217857428130035004
15920475745311496676
11396216557459816408
14693605222195568878
9881588049400809583
14685283940167312065
17032631020052622846
17813445216764537506
10946003013010874449
14972991353303469423
15535295250309140015
11998026017421576229
16356106517228323668
15455680710204534268
14289222621125776471
12803425741669770272
11965274347624599636
13725894818511900485
16694717419086856111
16495680411534023542
11850137653864890787
14768909893488268128
13322572933394873562
15974600578085149010
17311245788159589537
14070939214665218768
13502023561357189973
18064554937263355032
15631889601372574123
9533436290599436974
17615122985282626484
10764414595107144326
17525559584211665009
10250733852564733058
14998986653962400830
11176418779783365897
13130656375759644024
15062802290353465653
16967015554901535846
9630854345853718830
12582157045454464075
14797251202975064133
15086033454930739914
12855889063389258445
15308736698273216508
17824655428995896861
11807870782970854192
11006646243408453251
9809101807838587405
12538093261507262756
14607677401780575695
17605537998323132852
11437633198791495153
13704849077114323370
18015818865319024994
18389160082530824836
18383857747106562498
17330494146130029206
13104576486036016074
11216580458912681951
12805372571642355113
12904250541643141027
15924280877183566997
14677169052618756340
13265935366291860475
15507386613414103540
12216733376290377715
10045017093766841159
15726538082807271186
11467611126149051365
11161551932190463404
17114498959935402674
18434413565525631579
9576363896440636673
11420712425390453215
14721723415604474140
14174108337830105742
11966946327356514242
10587711390579121434
17944430305330359293
17941708554214856734
12358809808863732513
16002883130894898353
18430376826499959263
15267728047406741073
15615572045476645328
10912049789665581071
18034885427378093648
12527448872423745626
15126209848726164416
17410374968591794651
11578622913292309839
13024579843885046647
15888147040087603169
13454799168003163614
18068304503872735549
9380016547421055840
16648762380996455766
12527357026745548717
16934537202966221067
15660742119312872059
9658241601561126082
17568290783438388710
11547416731896858183
14952375107666000027
10094980917381133507
10673273325104893325
13167847832016820375
10327172951550865261
14872004256688980362
13778831754781586459
13452744178980067068
14030999890718799708
14176236456006621793
14204199674529267554
14173849649444247401
10650098079607966185
15733957978541250467
13374373108353657642
13730476902017185848
13971754561574992575
17043129719248906135
17695568406920109626
17931013494777785501
11035147875229415194
17946705739182462801
15005565964336625542
9576706276661548263
15269550742556838568
11389231598565872766
13104491454038514542
18407336541517870264
12631696859992372270
9987693854307402544
17108283110834313248
14888581702960306737
10704886207416803920
10633348977714487382
16571946874828494468
16515206061481569174
9246772382894921847
10740476884000008184
18043663776280491561
17795089471791120702
17776080468948219461
16736787705990044354
13673910920173520281
14502006605909925838
13354172774300997926
14731729000567663673
14247099377631143748
15757300203954214267
9513907748916151606
10611626684113121450
14388961639235820162
9494502310743084068
11019392104484058996
18022445717840402117
10382029111551898428
15692284441117864718
13234944625381776164
16968785170471144199
14024622399101610136
10038384038910257041
12256029236019340551
11065266721702955290
9638708659314590848
17632628915123338171
17981896408850762732
11532533071929843661
14642819627498258297
16201150023239884306
12483826731777271106
14463073264081613433
13250328524238156967
17039869042823813793
13836467443546507919
12896320812825576974
13893418272477116087
9284019038675011527
15007438311463852608
14193915832631781737
16546371464285786328
12811504958034588395
14281205003510740681
9404474218006290703
9985967660107880210
17930040291885194957
17486474302127031663
17987979347796494114
16483954810385410057
12404120461586497478
10070546827059112327
12582107350484705789
14494274261196720075
12259215944051733138
14532789274982847131
17788382127075635760
11190403312097924788
18362076606079984785
15478887811496558572
14586483021760323250
15053882781932407810
13236778830738709760
16566914426722220248
10919998084341135586
13033281030420524822
14155727362094161108
16834860859043827831
14238373490132630511
9828117332384351605
13961720583278929334
13588726361137840962
17245079125092852304
16527666878064519953
10558564711993906510
13120884312892049491
10190333115363207175
10905295310845521452
11928773018204237086
12673244633268962395
13534119198683442751
14380052652029610792
12781459765832687547
9653930790214348186
9313739492210659133
9713380471329126413
11028196183243299345
18322864581634495740
10226180102532900093
11037508183774766789
12670625928581352725
17054836622465056540
9237333293354326832
18050213432605833382
12302134789765959350
17871222272086829026
13729994586179311777
12934922277922514403
11017785698801095132
12337094580994547768
11425133726772117504
17568651492041158900
12877518882726948242
15084476730334788616
17945364544258697674
12890024632919959408
17402344816985439360
17704778238264997460
10258300917416515768
13939841234624460308
10852523630028944874
16459986864815853859
14973911273242148746
10643879663626667612
16049587427455163373
10637249133484834297
11932619939830016773
13961187009152169060
14190895069466104122
17255449638893254342
17712821153226324181
11226711328675065908
11513948789639020347
16539843658868520507
16507704010215387680
9521170645759256479
10501775164477231077
15521682531540559089
15248891457098769417
15278835925860376144
16366378427943781146
11444590057802725120
17733593169260089676
11597105970022834523
11426824738492448265
9749019299996172004
12367772719453848738
13274997880367182391
13946308212807171100
15556686404523426296
14418130876725664747
16592234882487741442
16990399949555826466
15963291139190725540
10981304824891191896
17887583072492217783
12598426170958999724
12946165379934363112
15251305579826219798
12070046975796055538
16551225092684876120
10237630295341532471
18248187059035263615
17955803953110410571
10264090992394370355
10158168312063889503
10478380459278788221
16586338882252312340
16209532483883193488
15122197157999996384
15070024518664576788
12751859841597733746
9700737429028535894
11268805652054772083
17729344170323271451
15857355124242610362
10865519059623763890
16186224402141176630
17340891546866195205
14437303231372690660
17809773367799113614
15167689690771567055
10021277515454412830
11494327728622712625
10018193355450580655
16712068480575309694
13835350392955355268
17721126328615032028
12030143665444051385
10842107357528005964
15785495493862756679
18390171796308220004
15896691458289248233
13013977821609803125
12514598457977118077
14534074431871399729
15792417597301482902
9374674450255846746
13890488266983560931
17421227693667013571
13284123398992195064
11307050943805473135
16658238686950364819
18062806786896048095
16998840636871155641
14468505654616114897
16501357274300080409
9823759138145216573
18143544968376877763
13675473997519579294
18073757486412823697
14349666359027201096
13794125480005541599
14033725572621165978
18203072932757481913
17949981535922834722
17055651582870162793
10830417988019224166
17810838355115032796
12844457727092810105
17367620317800467901
13815750171875407214
16466906489471263952
14871702052219356472
9645114563789662876
11972549113379104146
18122236957019161235
10682363323712280565
15978788202003416590
11550956899283928847
14290761938600528925
18353630222748764407
10359888029514439511
13016687845627480159
15350588154757360516
15303951009219788693
9765086835472657135
12879525268011709536
15186472867307187489
9377479799606179650
17868350725354819747
15466717528466729900
17521305566630464191
15104237346366026716
15080606324434806306
14155231564159348098
12932057346672877965
11952112510853913439
18113674553726816699
10427569916296986055
14280751934410375403
15934380189982124865
11574880456260621720
10768904729675015012
13627465030494771874
9523222362429683353
11597969879282939309
12363144616996772858
16764446599888584706
16444329689393182273
18089945218288097430
13856104117939780817
13087426438212462782
10241656122288502780
15431719949974691161
16871873007841438052
17702753247058551895
9369018636740581874
14221764172899615054
16843943903942255428
14440584159235244528
12676473007134504254
14832890154617112907
11406284551109941903
16347669913160639429
10628682282249952525
14395777493761388064
9628315287971533825
15123630426169779500
17493498824436889350
17597057839484162835
13453200325297289275
9269087459600701166
13472004936560406824
12071781983946756612
14112554797686414630
15611265085216672675
16260634313327615345
9476010089900543101
10646580671162215544
14487651444945031304
18383973865507231138
10293404300606944259
15695197677296799897
14237462460794895447
13689352448062421743
12970551849140275562
14804225395146472856
18114407045395894496
15182915777629532572
9815209432802784647
10074452068580428996
9380995308702174395
15168330347380417320
12683916796877189228
15094062908915454479
13002806436225613702
18204156470455726926
10842515680250161708
17980505556231347906
17312792921429370728
16343988560567804622
9772599273461651915
13142380592926221840
15255205963671449812
17453059985262976798
11931221226132109055
9848613721246879044
12613147097341412786
10319607686263922832
11685339209059310968
10184433971444086248
14995427443434776273
18191013517338832790
15511617115090594341
11679493166170334540
12978339637096643103
15716968004864561009
16357715187899845627
17790543186946277986
9699724378798589133
17962030696181462827
12753220300450508309
18379609182155124519
14484880213015784472
17083890938518502224
15811555988795787956
16624118012121584947
12334340822517410412
10134465507884960172
12763505744011259262
13872750504193206962
14015742993622692670
10233285668451996925
12623920296210888656
11339281733669547048
17368541387304478582
10976822023755185121
13883783594360005299
15800181917893706862
16505720998701677515
15151227079300539340
9993782182591175946
15850389812844534139
11984565359998093945
11831460168745787725
15575206227686911027
14504623018081501787
10042857644036447191
12950855730916314001
10106549970204142366
15237165513267756881
13527395615324668341
12186364544974128212
16050053939731527706
10315652745979224160
14293482098218352182
11432365930543869734
10793288115224777807
16575118548764520857
14373093869634851519
14091737077796801857
13561489642539531358
13114789923811018520
12022572119393524567
12845579444170206638
11196711474417029023
15090131419078383542
17483391193870884808
18356557453000330687
14927943732602389716
13241346798920161449
13346416777258556218
14437173961274040427
10240781738730605609
13670074480210892665
9719424351685825200
18227367711559643618
11218456545723282297
17308098955684911560
13320950317992612191
12298774394319536968
11011609472758024960
16115389253122826782
9402465073800046687
12235969330563793982
16584149573964143366
9931133535150281621
10443845058885181030
18033260364874013441
15893281971130402412
9613583695056167009
17700282602705222779
16895267805781713791
13235891528373611337
10552209940701045137
10002782399272544325
11061362120723601457
16414594465597481042
15008119704863328877
17034981184959076112
18311581623025089788
10749713624653563306
12517018112290274981
13928237621475633427
15567744074734620104
13152902252037882303
9987086626692132845
12626002142076683720
12249746273211259205
12375159861956579167
17171951679271598099
17836938464266607147
17552519394735736096
11344254875911877323
16480767814967628427
9610302172413044410
14814423524807386370
18094293665772784017
15787811198078538920
14499777032717539833
12592414643838685672
9247927315699061008
9727183806088285675
18225077646643827595
10494410226964175632
9888992804827535122
13242112974605034177
14003745294116624674
15221209446430229143
17122057935433918470
16922168254840933451
11034813762501088486
17749636757767540399
16550536914953446531
16349148852217902125
10012609002873282498
14101389050520561952
13914013609731724712
17851666829497939598
9513547164277299821
14749478851433320319
10148066906527176449
17808597928181362583
10379836889467501144
16198694513338332972
16179817856288858923
13506765341467161756
16173789317742315564
14811503140701450653
10501290067902242838
11122989850319064141
15722473681449446583
9562399009675283487
17306068525687106298
10332508528786054377
12884906944210553303
13727370837038983584
13262480165108530289
15156695742436299156
11678327322307166013
16816988575244645673
9875204834414063319
14314568799471913905
12500814084089942185
13831701229265172190
16032394535123335535
14858674936381296142
17593298000374455898
11216128598986594156
15963105707368078741
9582357084546548007
12250077841705095112
16700258488096286544
17315765629110879960
10606905184252913683
9940185800483025669
14160529696869096984
16455592323653520924
18281947245736892947
10547465279707820182
15273311258785958035
10081111183746006897
16621198783083315719
10668007350930697736
16715739056978084164
12132915998863304948
16671993230634236590
12686212547086088322
12261350206988986091
9373819584446019934
9266033436268345121
13480019165586005378
13592145161972535093
13797974847092275209
16160918860953944322
12100447089688201594
16521784700226731669
15220851636969399421
14583038439919104711
17434014205401764535
10368483627986852236
18379971522499772201
16482996893395154676
11025614888463765480
9358537575418857761
17997533395354891914
10269069916854337667
16731478583274858405
13487218749852050604
9967831017432575096
12655115357008895434
15120779541045538852
14360334909583228612
9769488622433618741
12004956154866229186
17284905939117294692
16839853629522815319
11329407689717585316
17375898096143896034
10134116310475859645
17694055555096928922
10513073194383728107
13709888824650834603
17750796829918886531
15169418866494661938
10445131239647503186
10940848027579536612
12356913954253811666
14448329196481694999
11221583370489051077
10014054336913151764
9363483807760761070
14242260672502666044
13315660288058534385
13635333504851331635
16472928284794492382
11915798474213206771
15068176131733285312
12294144105567133676
17945342994224817581
12481164965258421755
13830654959505884803
10970233680534754529
12828949300431717651
10918144566531827222
17906748554571527899
12280432955454903949
14723903256045150962
17225567709518232018
15893412840356665236
12696425641460808612
14671627461858067193
12318667801015608180
10677089046842523423
16688208443093930502
16633066682989271785
17360023453208308123
15923504490682108801
9954112593643086543
10418236494022316621
17225270649997640105
18140758638783090837
14056235136477771390
17275719597029987637
17242665728380281084
12169523691552734646
10761573925249858652
16759618596916682673
10925442011033922408
16115243271670542910
10218313699515281875
10596820074251460553
12821439173414115715
16421017137430314363
9254304685955932509
10031389941482251999
17556618427985561955
9538565848784476282
10038406224449032576
16098185056390672551
16282798072114102536
17275970167003735401
17788934408623738550
12036540368158712118
9258944825451285951
13027397182215121663
15800611540667937338
10857093710626295744
17054799921972218183
14515641420362724761
11180054203803841973
16363761830919909518
11048785979090366377
14217642864748619223
15977437895383171234
12035830538015904682
13270010758196014286
13055466075992225254
15571624848990854237
18384442763083698046
15310402642511395052
17520576553023185257
13323083065097270651
18375807368463596725
17130911366725050005
17424841517813117820
12659508904560296917
12825391226109375764
13205851929605450329
17318497486026370053
16882853819385019840
17994699712485200280
14995754039718624384
12513400434587010466
11479759003515119132
13918761520810296353
10387653933170513601
14570649937539366050
15893321032157747366
11395780327523024504
12484114512450646239
11679113540511242143
16323905199475886387
14259427555038803620
17662446383651818626
17032965041529989636
16331721142024728284
13404891202953523073
10667280983923683943
14772521064926164363
14543056860340802076
17260717390674990691
9913844462292249108
14830655167908306763
15395543612475905346
18415789430142480425
12019836719482704796
15182816752587753587
15784413139436633028
10789580401850226196
15408666901871453003
13082036721512659760
15654144286979212559
9756855742484116080
11321284527141171322
17973206130619278673
13920492369637460414
9884466826734605131
15888613076064640278
13536563320437409707
9388871511893555228
12597150685218570441
15343999615180114008
14673638157344408979
17605128692846967620
12483394252196983835
14848207529227896081
11783116880253537180
15859548781585931678
18140843778034852833
18354984066634601449
11058400328562422993
16931959932556159686
15816194832784287316
16376892915109627692
14059693446970752558
12211881149040773450
17967683293546220718
11958317023264529575
17595654172144969971
9507248330574696614
17892653133841249975
16695760812609343533
10457553717100208521
16857440712350412752
11715740013204627622
14609530076076874798
11236659707028775727
10392167875437274495
17419659072490635116
13593195834524605838
11027204754669960582
13477686409897026867
16034274174498401154
18020138655706074049
18371810254620369393
16185856506700385371
11908956733489798581
9819219526017778978
16071590290000772477
13528167257333780947
13562465497066530834
17431902311218969615
18051830871640398304
17053009066594122376
14751309981550719035
17882184566686781757
15118498368965506340
14495831038445610917
12299782668550108367
10065278825473250163
12570372159324750546
11279203938758748855
11972455700817227010
10529688283329293790
15001420150416470115
15519965442754029882
11316403273425180016
10317043358805647807
11741214842679131398
13560911673784422199
12315232173636316919
12756055034541697506
12790509744813111325
11621265527280379078
14027705498463443912
9740295903705587832
16664189823976580542
12022007788585133935
13663848016906429839
17884542683209617085
13406008651907411900
18019272760787354356
13532907616333069870
17711505548190659531
15594541143700998247
15912970390437972877
12230109155807461127
9500823380861285465
11472619065978808259
9787589981333792275
14088764002268457194
12740851480415680998
14479151210528247482
15135646951188434157
12632467893661013477
17402087366472630435
17461843467221195544
10605087075842961688
12202236082215661895
9328246802354675880
11429727880107906617
13965601224469791429
13545784477092977427
16040929410172326287
10816170438974556368
10619713351528401944
14990229534533490625
18354336333441330051
16104887510299156262
17632823519538061656
9806354744343233573
18109122167464325180
10897099382467446147
11335159685994255470
11418952947114770259
14136130557616231620
17682360547114101933
10422261213932770120
17552003509497818091
15184835904865632976
13010297134820614789
13238709690807213474
17262901707692718485
14553240615918403455
10469964271562339265
9582516995625054023
14970940144262661597
18071906936203208970
13433383776999555585
12829957040959511086
17337801541425202057
17594991944775702947
9615252661471431267
18014725561925178306
12501958189493648012
14759775010692010744
9491168306146533761
10365972918930506266
14620837964507966103
13475844262291029872
11735126386106665639
18189088680959017055
11871231418884405179
15420927202792571200
17214806130975975688
13265132255814143283
11632856583571886212
9356024265749642150
11168774684312814026
15004717205772898166
10008820688929434876
16142513347830492605
12136147727407522124
16423724183618391798
11697023431345302247
18258016405795338309
16739894509017755878
16067031986977993988
17731042627223048675
11503125665849832682
10094695610770400738
16477527381773092799
12779881630025691019
15676865022720454555
12902219515379582438
16823655200932171674
18008412786941099450
16165163910867720763
9230993593658712818
12366177342807794498
12328307516283606128
11753761419481225288
17742219753204357935
13960392330476106353
9961587467060964742
15429219796642436110
14147844834784188304
17273691955546602526
13274622311584324672
14137849059372441679
17267870444661432756
15453957266771940109
12852732897094825569
18412029499404327410
13653581305867417383
13596394444877884392
12017649722865934214
9911409767446286467
12287011866119497799
16217382192117307819
14592470892413904813
15725991447012605140
14789443585417530268
12537668675780140632
9606107030604209198
14486715306131936172
14343227664947470641
13801282025496428847
14557502115540667823
11088711016994547477
16471948760648085046
13123886828333888541
10019380820174210114
13242464408481837094
12942408192384975414
10868762729422381328
15406882707174966414
16817389085762061457
12190727794811712255
10574587859706271602
12898189313336736978
15468850738075149229
12202171618612005578
11746544863566350441
10379824937297196500
12966729080282393426
15587472060145498340
12845559604697720381
9617965650167171767
16764032841554201946
18334751408913489719
14425796945285261142
16030984883074145524
17422809458069118961
10536633104023261345
13999595965134772301
13520257465663966303
9445725659748501376
10010170508318718808
15583987634526943808
13103061477790182745
18103521670027526636
15653294844282213631
14378643830336439088
12599600596206440368
12375722326989802931
17416004005941650147
9484064001174744684
10706871951881699468
11888179916155281152
11925930314561833057
16122768736803485258
13410346142704506303
12365343498442595177
18073196900977900576
17155066085691602069
12491755859061918499
14370499478121926004
18100686191721463748
11826918183026818103
17213434974251891422
16207492292427445375
17870498546521061314
13015678939888128429
14470083866658933152
13285369077004303298
15147126487255905464
14541737157566678965
11245844853002984403
12792839205744875369
14571738874819463223
14666769643915534880
16862449050527986617
9668697529305373345
15907278141249543116
14183694380186736733
13795944373069579155
15348515752722482194
13951081106138022354
10338541132346129944
16974798169316564928
16575320803247710426
17599152227015423501
11400970467382284786
10290001810910965397
9750101903239888926
14599467184009375853
14496896903176136640
16811393797686386502
13502785070587892497
13708863783666568851
17750192666434585432
12158029571362408886
15024607152586719665
16787479949033884523
15270342048726400207
14978181900117369728
9320229151357072263
17868879326349209863
14209497197031403427
17485352688879934224
11487816477744837033
15690377927098708598
12496249620031407223
15009591892534313414
16434948631652968260
13849572092990856549
16059435227375086793
12527085649183454922
15302230468919543630
18412127917319434653
14913762379528728559
16643553787181635922
13495259934911758204
15555756048707877774
9424492171633047611
16954748047496647782
17953098621368269703
12209228213485881116
15795317188683552431
14599880268807012249
17940131239115766368
9711167237008845067
13233447657263582300
15684720550086408835
11975362622711239791
15516406790202824689
9607760375335491839
9763270143232742204
12709452002300669687
14555580627928110689
11812597924100647042
16360188187129055355
15482799977353452460
11530545450417430177
17434446107057341723
17003259566556908745
10443325334012919734
13223617319036064614
13573660927379362560
10490429276129403722
16072069374820786331
14974680840192423229
13673140470849245300
16254233125552851351
12108647081694237631
9679700006019573865
11548639965125129012
16141264311414929262
16052343867427535275
16188262751273095784
14906402158701925069
9404604312090284550
13722120658459860894
14021827847714317461
13053718262913536229
10466481011242011664
13920577619377226949
14531537157004138850
13201777061955689188
12740713663821686470
10819257684658429995
10303043435653134826
18302070308551930558
12850759103466258947
11588645257070135284
17713686778860582757
15983136001311146681
10349584347461145915
14272016407519704216
17313397116863758155
10036025174709493032
15781066338627691651
16435323611953753735
16512736901593270461
13237125606343114000
12518457005388136352
15477655641384549093
12612641186559665965
10482339105745466765
13840821436917001866
13601310890166751165
15109478506753217742
17565792941975179537
15006308138304400990
17197088931232200763
16766526074799898063
14086724353590535982
16312807741737848120
10810011767558408459
15770675685499275809
16888133787849586139
12132680870777150046
10412376207829770651
14926239448992872203
17632483361935456972
15292928328251308141
15738567684039416304
11363860057566249450
15367952168006103020
13234769956651203596
11970129246614230481
12107509042189679430
10873932054705048755
10202568450939699014
16766653303891127733
11423907541544441504
12401589247930577312
16937011993586157371
14429001382403837525
9579794490356099586
14596198300405809591
13330388151026790343
13565265939180819542
9702113133863786134
17461343194286514997
18017091585549670854
12430115274192497602
16287051588079641703
15791606433935954549
18393841757283313905
13673103372393051319
9300325906705708707
15867651290043815026
10720902424284988180
14623264795991168178
9716974331702011325
11260059090371616846
11364678986965405406
17074564768688484100
9980196291001381181
12249453647210362867
18125751292909548804
11102311371309597438
18127239087860641837
14495188087779934307
15009461670959493717
18327480812332026905
10849621303005095278
9986768353189090501
13652761555484955773
9417464132703321127
14005057593644353997
16455643505938005394
16445568152441852687
14015370658584514695
16709611099254968657
18156646249643404161
18383943172147695553
11010861407688547133
15071390031969838646
12789324543368212650
14600284481060831879
13007053196373157412
13787994221815243280
16001295280255096647
17047351112557968957
13143240912945514567
15078427399643595211
12242671704406159923
14082696203249369100
18088303030209294943
18137907462944004736
17630977049242480520
10632264147285981874
14196553556032693699
16739598988849587046
17951382113117158142
9485112751430059773
15736486858342559923
17607530475721949988
17013462589585279658
9648706309496640326
17053734613752399673
16732816371969692960
13709526959950783380
11157835823916122525
16070372740563946106
13986927340038408482
9376059874346781981
11804145589935396068
16261160025832910006
17550516227793109357
14347672556219596956
12951285384677155734
12531325721102689653
12976210559745179307
17209623732749252907
17924428671834034516
14248503653925563354
15704814252614404033
17570469182330604834
15187427165338468108
9986429933268856593
17047731940971374072
12618203972351204945
12194799447530721013
15909538495035766103
14460407777690299992
15706621189687076642
15882004240561913062
14092676599359079772
13999188384536329287
12916740262370691925
9467803662497748649
13032500948148774586
10651296299748705966
17298682780038642012
15181871343597187840
16546042643811574258
13557836058457933142
12124546909135510632
17849843361371166790
11998209680701805591
13362242070112625463
16433079666753706727
9471239436253427075
12420177255563812717
10392923487801013309
17821087388383124029
12972020779089226965
16708923627545890731
14545201886139610916
10177115694632326412
17840331040168757865
17366599922607526824
9529722246963208161
15300339030697208974
10799751682425593244
11228447417413898587
11566728595002431939
13433153599657664162
13244349430315946193
10996481317823142102
17218546376231704730
17018227528085372816
12335237251660435229
12956019409935799855
11046600207000194323
16446522285942188122
11557673787732770166
16077216483967804196
14265624109478640219
17814317190366591833
18055688721707763157
10491470952083088921
12006046280519062064
11486157070716643237
10815970537910109522
16629181605605650674
14969158532844750299
18240018047279718722
9250992192965244875
10712699656090254412
9275493387452840432
13171800589472151150
15399760879634166893
11653335563917513129
17574109519558355453
16988286097039404837
9971780415077702290
12291496250250814111
10807504692691218303
13534801687099067314
13362082420441760004
15721279560128004477
15313891194904759582
10861574184291221215
13516941803865190398
14921539217078615702
9617382669050583914
18213132377426121540
18291216079478598272
13689490672991016176
16854357486895957476
17044709799871052606
9266921041068255854
15583496684450697321
18238475094843843585
15780332528412927181
17172231889544598290
9483586504892949558
13072815790669035987
11421814237265997532
17457961522616063676
10571926764669499791
12125586885955343085
12764141959677403481
17851202643961202181
14059348442360295084
15663325718891003179
16956650564118712290
12698279593923475432
10646657377707420243
11447815390253318665
17549970772353554759
12562636970005093460
13584066148129578343
11257159229066610064
13125740794634863330
17747377465949376020
13727939234373633747
11764164105822934807
15773227334319145831
13590847912622149955
11578714647031264789
15694249768481658490
16764351437944974619
18234333191475276350
13704770829808952244
10120975950914674298
12088299173778810561
18219319081362600456
9485322431826618134
10113325772048345275
15144959208511142096
11735294162026593805
17559788744969593366
9509897099176121070
9742180062281850956
12168047309188386568
16273432290978170748
12199212055578583066
13143572036009983791
13921775777267519178
11866516006876661417
16011554858722194366
10779780522807599555
12203707709078966235
15425624787635689622
16667523305094522192
14896850984561218624
12758993363393637186
10614950553122811758
17983935239152328534
9802158617218363915
18183979975171797018
18091891197477844799
12618790608891315048
12684565281043044572
12613080201496538963
15980193776364820625
17153523581916913966
12285609595241053427
15901718272982026266
10521906097299283723
13337697653398269974
13408672958235980356
17776027068325780302
10488584806442055052
11148062786705811636
16862079995939342802
9837607825053033349
18179217717622984208
17095406727112712559
18263545000592394328
14266813002926166883
15609489464687078530
15649110265810686553
13285188844480910634
13924206135860888627
15012188819083410052
16754919768613893510
15527138548977670782
12477224508841754268
14129705617257736686
12804882295875123202
14871569168536590018
17670810161545924062
15592842116440860022
14265705913366037190
12418051017218373929
16069432505537297064
10375221585565057761
11814140646024288801
12632586291862888872
18410320363414534180
13395932337703078875
15986963847979795066
10358715396065912018
16977216673457883964
16093500733695513842
9337090437773664095
17472870275780890915
16906874330239140293
14993410628859363126
11961565311705813197
16859905560339212951
11141753124510747829
15615586853623390436
17182799879868990239
11781385383499362317
9710441262392966826
10595285147622752727
14973215007522561155
12235938233102355612
9625122687864360113
16891706305077549447
15645224280418909724
12783028738747976041
18216395361776274723
16500258358975209991
9925175773759491895
16181763257028814985
13400346218567622548
15261504061153791592
16768943411084689295
14701698191114004721
16477131790823992287
18052185036292510163
10987931404856942862
11174241146745767951
12222385760724311582
16112679721207697337
10445665544116782181
10772884758746023461
13813831960154970438
11659317494381625570
15326584784006253314
11414497500428355432
11231233353429292451
11491795578786684644
16734256169959064210
13822202014875580653
14536518827384918527
12330928986989845182
16376189199569039649
13952694791592104921
16465748829257604969
15483021921430796774
14339771653538355123
13177166508956391478
18018532766536468442
18171273573627574433
12532426934672820430
11927420494881119950
16817771687211295667
12797475315289638699
14513353586016439310
13219916170619190224
11224080025180793648
13452550908507146958
11349850089029578827
11616063977354311416
15263960122725368240
10307273690893904714
18090582496774564636
12757766196734231078
17163698146391031398
12104994315219719172
10893522744705590888
10378103331718519787
14403384477054085671
17979121831798052719
14488159008240677895
9410433914785265491
15940669883603125828
17728433296095981361
11134311156405978152
17055253897987953188
17605206938871864956
18401713618446620064
10782636730817551465
12185853149360424095
9937726375842799807
15155384165568567344
9773892950867683530
13257006747140567448
12837168906864027032
17215366101218886453
11742374941917706863
18147442736744645096
12284203964802287318
11961813692004950660
10373476206512668706
16314412098217855111
12848385145362058289
18196294004372101661
10176892303490076489
13183885830203333066
17387239015915416681
9238018658290112527
16816079717354403832
14521652192363898805
15504283050825042905
17276749351210242826
12920650738240371724
10549738268544671807
12199227850209503265
15367588821376864380
11928353728818640760
16894049059496338074
10651217255921878301
13019609533661594636
14054335969719787589
15058517296429049860
12820258926344645923
10265059223552363367
17075319276146011919
17278000474461313528
16589889190300072053
15560771802284724243
17699806547761440208
14914653840709767400
14444159961224364921
10553219930702761404
17295343351061711315
13989180542812925781
9563803156044209871
17920575354228065430
11482497028755095923
16578839424018518712
17491562991579614084
16691707111144925086
13170729928810110757
15876562096841686851
10077206993089195333
17308563289936197153
13068482762968304132
12766035745153961574
12167893224829680541
10528224375490130322
10034989359565181373
11709445128990578732
15561099700514957170
15715697490508298750
12118855144525803825
15277785880564318856
11654664051605542486
12943880518046584300
16986856855814459435
9442179560471628302
11990450886915606767
17878263576680738310
11418546960036708320
9610622032707016097
15264972647496273192
9847501763293542413
16893192289476822610
13312062606744528164
15299156348628624666
12074618724884169795
15732051202659564142
13695551185291208234
10815328132854539584
14479534064238310803
12036310808711935031
13862869456570605036
17611788766229188851
10807874013504132587
17170873889712610927
14085121876075274819
15111708624430406658
14111060505731803285
14754063048495376914
17202923892291462444
11426232473281132791
11525910314330723489
14999101630063301933
9315300663353044370
18245163320541158180
13902230705947441515
14449991642736471913
13257070063951757331
17354495536063917220
14088410190749733649
15501817805346624367
10264965038252797472
16922905873813794463
17184655001953385795
16723100097967339427
14944888804437467226
17943198235790564357
10763441822133326167
11943800951627613616
15734984755557820269
14576219135783506103
17668759326399414942
14732257566258428693
16877373001199722474
12125103137636731619
13194425191578511582
13977338395594758315
9440787801915480714
15250461171847783268
10784518143436530479
10419532527616814490
9626416939215306403
18009974002031397332
11036891077722838626
18115791152969899223
11807686670577001966
12537956326890749235
17953160036049386359
13764098060260526983
10977281655076329391
12351511109800980681
10808474029769591005
14677315246605616969
12098097035193233377
18174819145354798197
11151250060994191750
12631486047951574101
18239882267814557034
13318797939225918452
18394769894738178252
10562078126179532087
12946910622502065484
15064313758277119940
17882507458103893656
14701206481438639244
11120701420562606402
13839412675879929282
15417928652108423820
18258024200589555217
18260450034319945081
12672561037081713892
10679048467769926261
13211955393282232521
11739997568507765763
17448998163930854409
13937053427364552320
14891966831322783548
9729711540850941489
15211159181664955601
11576188964444166836
11161001705334259111
12762713653030658855
12130499622714718507
17620201462097364635
17428356992511497525
16651800476067802170
18418848837723507805
16811264448246114453
11152758316412461679
16837940344759324879
14950496096417982514
13072646882080880387
15615166394010172967
17669451222966320019
15746416419355714459
14303453739196567143
11039536892273292362
17303157748839081129
11608214481836631132
12594749540888735531
17897028922563690687
14118003826910492349
11443051288756802317
17131150622852674819
16001790978989950683
13796907633717216636
13963196610842558073
14562863968431691324
15909154471078529756
12305147412636055562
15630004759690657491
16357061164154494680
18137164344354255409
14366991379893364010
17643290927694121688
9623420793327877760
9376283148034135725
18279941489415175591
15874957283137621956
18340125130079746922
12528552444216551154
14788065588651068014
11592223173140916203
10570171507978489866
10221275650093959816
10468048207957830652
18017247782237851404
11074424237430757791
11041065219402413487
13890961659664819498
10551096219727583496
12416507197615592774
10401067177956226667
18364771926015110608
16262862274441147501
10665124848665111098
12543893330545214813
16856928705117597175
16692107598239694308
16472722655884748174
16274930795462789109
17699158422433822138
16394920868155181519
13146820564377727852
13473337840091035260
12067521570070382855
17453005036772807824
12279464417548695042
15235813143767356002
15902572866117957794
10601805796371623278
15695079283218701148
13051418565951662523
11724899629641349074
9322641887011817638
14121236373285785323
13452413893061070912
10966919137398392876
17176343392944456093
12818369358769614527
18174088613796509082
12711066934825970257
13393538776351694942
11405847005189450146
14874593650116760299
18095784787112141280
11080541356674073634
15787875940874671003
13765112730999260496
17256929860433957703
10185680318511077975
9668026318222247012
15337801766544911172
11125987422157220072
13082513535276586668
11427036353340062688
14337435017175214296
13889028507166830762
15237160620200614760
13610277838396406686
13664993692060498981
14864442742365007589
11048101683690313833
18147464900557036294
10332997016613523674
9872858219775760894
11332770169424603125
13928831300852641764
11480603323299615106
11576050364262005919
17310758775096752952
14296806660305556049
9924509102824661649
11524900777725999195
11128010842508922759
10816614860061151227
16397204941156199513
16698141771980705508
12410797063460325898
16336119019588799874
13309044321733187953
9467039608060890521
14927458282794569331
13014707974092091986
15493506997704866609
14355817031681284239
10235684938886575859
14155312345241788903
14208926276191414773
9360304536462015825
14636652596732297667
9391173535452446179
16627570424906368924
16322244370314198987
11241309393265316237
10058178642273317512
15284662798812810003
16595091156361767295
13969353352640739335
12373811186485051939
14460789712860966282
10357536692391675396
10804632118901734072
16864333463472685605
13066608942706585187
17540729853010283335
15152248270021993277
16574094509019630357
18402089881210328158
12071049106613959827
11540372478360901274
15840257806807789143
13754613724978856386
15025313104246246912
9502812598101670282
17461463598020674127
11718156748581187653
13570730298544180885
9301940545205637725
12217740257093299393
10207166416694730932
11004057750964153985
9245046694518665268
12919539130768155131
16548659792678399613
11476791555108092728
13796046833436113872
14372869854299859059
10824828485960588714
9841418859389531364
11484368410076948410
13259248592954956725
15016360600653287511
15419356507476221703
15230867897839311022
17175464263540027669
9656766581612153995
14304444528687453971
14932944292223461502
13830333595346659846
13696411486293366086
10387141311928943597
17411100804200944416
14082327945337131263
14766516357677192336
14311320396642992012
11817819281710947268
11796016001779707031
13226793120531004645
18041342469488596146
13469365587566115890
14690580676825011868
16083556116957316512
18016197872209599100
10779072816102482260
13185275456997671295
14316579403138343770
14803063451148870051
17739741170610883167
14340125686167321558
18288006780993908162
17073288191267500753
11556529509709921725
15757725579215466455
18263275046661664797
11872687832313535912
16142694405821931917
13196896282144314142
13784926128532241299
11932583834112758091
13400736520201286386
15474565405088955838
16436683858593559537
16803302746384412404
12747732829118676712
17751928169959394524
15796777481660150416
11796397107315367782
10377735083443286435
10698984062965344110
11593371929179197040
9384431871626634517
13819062297091248220
10492552823184993702
17762534357825381293
17115057395908086820
13762786584700565743
9423108874706971201
13716749112809379320
13358801005433300482
12393573838981560387
14850495664605708971
14179235473363761318
18152180043907496167
16010371134676104970
10779019409075793946
16217068042472861139
15999960750015642231
11274356689462726341
15289268186999859726
16393219730788580322
16505543113356264527
16139931452831968645
10011473338094238420
9951167818130686931
12051335068040234913
17403565961961321299
14226782113722681722
11466987170125060239
12424343538352097966
12737020520876127748
9914601817445884423
10768275698821473168
10785802804925347706
10625135200819528406
17305070887268112390
15386769025365811620
16053035742405850579
13498633994721075228
11865753204639197956
14175469275706192254
17058243784329008017
15788534830476725840
13112298042735371556
15435632834437092903
10774662945977659033
14992899362095319538
14968949898614532097
17213380418501953148
12721539223277708058
9880527361433757146
9919665067379962527
12665977707062757588
11109965963484289195
10346491316445887576
12262103267168824378
16804979749928049341
12094484050857945686
17291488844099593300
16666766188519812944
12883146407843757523
11928466534740822061
14213976722329165556
10144992651008562993
10756608408759567863
10062459733189345208
17874117443166419555
18014931426271352059
12629924439549454646
14739208660573066360
10525944894917976655
11828980716162428763
14537289147357088822
17762683621756738063
13770454881859749862
9972721480036696866
9265876143914724173
11017335736512318235
11000987357639927058
13853544492529034002
13595634670718311239
15263655322479358027
17128745717648779046
13963561465642087166
17337599641616670794
17723448141213621091
13443124681605733654
16888346703847676355
9708996255722305345
12198388737119025539
10644148393564656629
16614487173758612796
17841123472110671244
18436795643594241428
14139992083324500923
12136914835639308805
16449967949060550813
9597235233476285880
10691244293281887929
18155540913240610475
17440636688171750216
10656445136610316226
13316277887832469868
16952839480583675178
10661425691236909082
14870202921895631414
12029765059935704960
13725054647900175087
14104671223502137345
16044573997475053686
11446026045055971951
13069758293378223211
11127144197206077740
14438041859519957248
11923442541382048201
10342265775179856723
17196300878485166197
14958316775579455697
13918500682706341382
15193521414752263074
16507087161375593156
18114422346944034970
9735709266211896202
18304420547770445897
16722459009039807673
11887049332475182465
13313830636183852311
10302890255532991074
17269807707509853566
13568544568232061207
16314374191297299711
9493133983300921405
17513612776084691961
12867348704451632434
11591525770093141349
15041199381210182552
16800324230640888944
12570209779130177304
9453421684443320142
16199874093068987004
13436956421236011824
16102098181116564970
13337081764412720964
18184601215327189125
17248078381644800900
12633676683253286342
9951364056165090171
11553007036824943515
17561623448493856496
16581064749546930256
14158390921373173637
17429410450606565796
13603551171247791888
11780692225291720021
13003658318713213496
17278305514847723564
15626012876631863978
13236909102372941000
17014359075253996941
17524853316840116419
16631836887367473268
14547694112045491045
15989909984283416133
17829398494053789788
12977901566664915365
10124107182243207195
16532979200482051622
15833700085550728177
16045708013369536756
10657411520072898468
13273955454972817322
11601825496683368976
17600191290129880152
16583564055165166881
15468137505852056390
14908479650556548858
11448503548592981780
14734370566894227849
11974086108704383111
16770710653421767797
11384040289782739620
10505697022518795204
10329637150087279026
11607292066745799389
16665257719121997990
15953446589952652270
12670224881695706661
12947349884754206672
16312328361146291540
16809012087126004540
9377146283974931407
10980207449286358835
15040064439508583052
15604285805647409999
10957980995058187853
12490925651490569987
13571868251526019136
16453540698854387153
10286070955423973040
16836579441549758610
11366872325321764269
16419355198987836565
9406112575478738655
11387402887184246084
16551061035145384300
18424861056734446704
18066995172172122555
12262096534688531067
14012060500614189811
13648961256555444080
9334989531625576559
11044283717400513460
16560452830596335463
11680560308854955493
11877389859381134639
17317522950666687867
12111082611473099668
16958396334271814509
18370165763382015692
14254755939230855355
16534029883133377430
9650707338470773117
10353270635606754006
17153968160143646096
12213410830442042713
15453376309981999153
15286268926502307959
11709733506779478953
11412956793487875925
16756708264781098621
12818363833875789409
13954152915234615843
13703580585791516069
11032909289330652819
15683983904941619766
15063150404784633096
15295298542746460414
10841366687557000884
10350006780562364318
15634079400207204672
15089659043584903723
11954029406528004863
10061747199207223841
9332609446539553622
11946771719600197168
14337567608098124502
15092158752928624704
13477559751893219640
10171616923305599448
17072063941872278169
17647679573953822850
16403009607847101301
14573020646206372090
12169364032451111141
9837498571672281802
13278401813322267981
17818891384853660498
14826156371060655689
18390065453056528615
9614146430961123312
14564209890692133482
12613264726844146766
14700774815755339118
10851057738602252998
10401350568470520513
17812715894994796339
12281658014791728115
16566572173404534632
16456052768406550916
9647666886191960600
17294309469741874970
15311333156063190222
12428080565787872995
17441350764371589157
9675352785692121600
17702829768787124365
9511000121681254110
14918380177985704246
15147590502071009677
9907261632567650034
9489589962602848767
13108321431957039069
16134368220659207622
13829532037009220733
13174186758193603297
10830597462114757688
13449982072670010256
11711953649238561805
13529332566283966367
10332802584330107301
13365554418265322908
13313514832299338559
11289554466742982768
15220372715146470549
12445118419381021798
10048278835085172372
14305464613436646098
9377821408376281488
9548826623795955331
10836947674815760167
9446737401180670747
15369165537860563424
14900453837461195661
10112939722551880398
13313503923573222965
11720869980392448464
15240134657439549982
13579856103783298373
13522904066975543989
11034868961455103665
18090566941779904032
12924484862443872358
16680192037539334686
13811577551439226194
10514022566179071224
11963105366429649511
11592905850245017718
10490522034486409511
13141635340420063406
12231836317610980070
11223992807190128297
12457057519522426257
9828769823025134315
12857798758626489057
17143750484888244558
17487160117481150271
15062327080243174054
15005403179228673758
9376972025375457039
16661850320844246465
12777130494141189236
9681418325914734684
9246467451372903246
17509161657829197199
9595467173274804760
12199090651633288133
17279738397603507020
17034942328384415483
15696519588173434279
16105338184589339658
13431021723840669113
17654603003929738009
15647883951171215123
14364740004773149797
12700899123373154581
9392025102044099511
17083030426506949228
10022213017190031575
10974935516399124269
11525705502091157743
13022041961851745536
13888161593174559777
15029630481742786946
10056467986851611767
9837126344590222095
11804846174497209163
12080711392507149686
10502272086626597592
17085109699918636749
10560552141488568665
16026078161680010778
18440835672166826624
14664400549418816217
17535641588857223566
16832840893927331298
13725977672071921490
17203787992633888542
9238833976628966054
13459584840136868929
11460219527401265721
13415593959602577535
14466873041637025321
11587484534362052973
10965981862044748539
15472110765970403999
13503022228786098364
13546175260484330345
11875352462807442989
13070356677974336563
11853814316096112231
14832586300567534090
12701854192953211878
16422572544499959673
11014468547444910289
13871818760079113274
9567087118034569618
17293725357468466673
17317281039840238176
9917604947772292299
18375449239548913121
13224620477698132594
9466765748401572315
15967295096656787012
10566972472406326954
14071097939266095951
14573055410654046277
16410116702803514260
13370543361806099685
14269235814989492375
17101177575699700757
16014293079092815458
13035370684734427141
10433008729711340166
13718484033595907516
13380036059724293624
12234641514827859085
15576484232586832632
17186415421577928738
12511581624403357020
14219901344962103686
14134683806030369996
14499729379325308849
12601062912965336072
12177323331176703850
12142931850826742359
14434185768705105191
17118872356635621454
11246107620541611310
12715517926945787791
15047105477631060612
13826047054573880515
18384329407962907260
14676110202146189975
15817705823785093250
16615599266590570889
15297842657423563633
11998644925751873888
16056315188182524389
16196420397405118113
16539298702415216403
17223593130793918185
15460907657976444758
10804949023964064311
17449879296869636998
13080653341907972467
14867291543408238951
16077861654901101361
16183794264702838862
11763056461929783372
12125430450155434841
16013016398319864850
17054214745656240911
15379666528410170006
10137518535782561873
12774564336570803390
13437467676925963696
9672808746726455873
15490118825981704605
15959493038806141193
12856154536759754465
9318983833082671350
17928928232540867526
10445173289120447453
17379337908079514191
17319796670629168745
11405482627617856339
16857087362162192071
12371302924779999501
15591139309870544778
17467230830264991234
11555205432691083299
16656215556011885167
9681044280292388491
10989753331980203889
13689570591372697262
10175025510749068265
14602847554923889138
16828750007055577051
14811087889225676550
12982376629777655313
10134158472279648351
9676183305932985337
17725784354055814166
11777551703076268315
16641802091610588871
12035430814894167943
15833441120423246465
17921642122087741384
10565471290154277051
13766850918069986312
13502295947812351216
13918856155736203106
10577071828005279088
10760699250903897610
13382661073449663252
15694050284220332843
16731185262194468421
12122874594448073782
18200401765051197208
16536450434663883401
13315028275302910416
16604376006061505781
10385637829310651791
16613063915921372550
14126585651254557941
18405608264557511572
13098580476920953390
17268395154997504357
14362902028260787078
11156113106133963770
11775823905653195671
11310316118627738477
17374583259900851829
14824149734442785514
15336250515379706508
12190807465437749013
14257027997815509900
15068866459899048570
12146931041090743983
15818147487238392609
15684893615922296475
13512617003303345855
17206880694389913957
16920765837121019430
16243177099625859547
11110036915193345895
13803075570868409785
9766657956936219095
18044345109506376604
16646674658790370467
16565581131882117854
16937501142159921763
13790695587854341237
12342356858385759416
13150889466011967837
14188735310401878632
15121946118832189297
10208705206520361889
16305512055168372232
18034292204862886886
10478978301817866755
10427195907410081647
17601557001370520178
15919822102267383462
12409404708405829389
18218323479997425171
17420792367139099960
11680192375495211387
15774221333070314258
16595891190278920160
12111144250895689481
17130540172543106374
18063338091083462845
16244438769027388498
16998876476365911471
10693424040834070559
18263733445123331622
16539711628836306804
14034683261295969692
10334419583366476913
16413765902173266805
9886555390175891893
17106652236817688818
12295944224918050969
12449528770157776466
17098258634992327117
13905077608289727788
16811016058167584962
15815978479115501112
10958240592810012047
11022828627160655423
18391060762056793430
10195480154021867369
14593918539378194456
17917783027542544597
11981242093376598573
17853620525206397266
12213705514531283743
13642866511228222990
11989596803763002790
17962954303442952059
18110060397867606495
14021952058761643171
10484432538403807712
11616297849386279013
14619323951799872737
11457020305894556716
15329863886179245340
18065749996088711820
16669658477576986812
17660991398781266485
11323369255917732700
11767674332806617388
10000522043928566409
11279250846777765769
9873332009308505169
15079848275883780466
15998807365983294749
16016738150394901404
17495916827432029949
12300449272566051446
17779431719818205398
9798480822742666742
9808790316709574528
17680999199861571000
16632511993337648378
11656496590348181935
10483514268903114749
12853791266019038237
11358031356305740053
12333782018179762337
14349975190516723349
12861329232857179362
16338023504785972671
10299169822456830121
10261379027061120516
17974195761578637623
12277269882633678658
16426298759401984625
14910252820389399057
10897197216742079142
16527665092929122135
9863220218297767937
15628045909374615648
11403866254459320480
15753352427593517840
17708234702539785611
15238091573712665943
10796233732488091356
10467517370079967123
17777129562188067501
13231916688573595185
16162337027222784422
17913818272265839774
15593956355942228537
17326742115182837476
15064355528593610339
11315563174368929803
11860876654695419359
12839900713859764563
11322243097618285906
10996126737707485843
15253136694939274438
14795917601559234698
15871254430087999649
14402275532809200879
16840564177973290375
13035281226979362053
10031962041111236378
10145759698595663737
16050011415494632937
14003727399588485099
12847470286340451667
16765746361336506762
15347814413677040583
15001918517153825659
12614568766395208077
13605994459084259977
14545019731033831021
9457876674917435984
14576081742221967031
10654633081145739763
12595887551406823554
15111028511528310452
14289513260157668806
10614364695239689629
16612484876534334389
17733603586329315178
13943414239167320204
17944765854071775970
15968452945586205130
14808810132953259985
12585552805840168037
14422893516426582633
11747026199534105972
12830790010448329253
9804518228816423648
10776707836372175279
11653702414189206671
16975043518914293246
18188579331000897225
12753508223617297025
11414765392616078594
13378991924983116457
14389107696776239666
13942736303911600991
11301633224186985171
17997911015545083042
12958304333519432271
17048374512340332955
10019408562176838960
12411719443425113220
15375418822403022334
11460909823265135753
15180302749694181833
13393452720181891536
14483388574274726188
9706578584016946643
16055360257504184329
13660956775859664839
9831451117536923771
9709218456360192746
11455608218540778884
16096644235020788834
17003245260419879148
17766961385751981077
11367755584370924037
13409463828770833770
10365665980196584764
16765188878802107006
16717006698790279482
14457122029800455769
11844872237719084953
13236458782980781151
18272648484547860734
15290690368803364663
10895351423322635592
13062285828244984289
17496725360201594936
16310772894496313748
17676290033175983973
11954761983011240805
15913876476181019303
14885947128502228939
13112879457326193139
16435834050622368123
13072479462349416747
16615624434215476999
16735912652122858782
13352881557287337493
13308399573327435044
12346941746593944846
17736549652631069922
15703930042724159180
18087633739266577347
16519325119089066541
10615089833115181014
13542355200192438120
13481337008178648555
11988870409165534242
10010893810528397182
17026201198963807309
17533536579056614028
11164076865076272130
10995214403415685218
14816293741348330271
15344704036010372019
14279594761638895505
15544506385998846001
9548082340901555448
9521855064606961365
11731443260491750270
15226829374514742433
15796222981120924469
13139464018476799125
9709460169954399381
11008223658504920705
15810782858886585770
12130321255048955610
10131566837394527267
10699541602323297552
12020897174181952252
12006054645834163354
13891040350638123349
9426837278911230934
13379974829944752375
18254440067346790130
12948520392560326766
10989074358709829474
14047720862409656078
12294720194262989678
10006010218587985275
17497373150611414156
15783270374070790378
17626314685430739971
12175205947156345140
16723892364702021058
11029176025481158059
11634699855770864646
14221989953230286465
16554811162557340615
14079719720244421762
12687375660570176117
18446166045815008673
17650708107553940258
10600696923933987920
12571655046509048782
10743016666997726750
17498769802051070188
10155459545045562236
10349168682057096390
17664820565331769400
13498853499355583408
15654483828692998465
13914278172436813850
12552127115084381770
14972380611852637337
9653233387331620606
14170604605666780701
16819523964156338000
12433160620270968314
14712191696843450320
13142725500743086955
17278276491498047192
13683455407847100073
17659916309445105301
10400595425316448976
18061163618153076202
10937960961130254586
14916834068152861328
17412947025784976864
13216101258208720799
15538971678451277521
17492936726472693593
9644401893996212320
17376382473851034541
11101377984992646459
14886778454767153061
17973078024885433213
11405361207717211022
11158306399717842287
16502872857517332304
13795127163746428694
16885665729750806045
18375991446892773772
17204899178559410973
12651672428666329939
9793433805508640633
11596102272147440776
17969297439542795157
16437617742009646538
10932740045518296674
14171562898771331902
9334392228782212139
16770977891875400117
12434617325214195541
15411874710220148973
10015412188284659730
14865615499921378762
11793821212917309354
17032029792414882795
18322271046440636940
17720678907010258932
14226209517852133144
11056183152786451173
15761315363773203963
16531010941270284837
15349061562814209869
9503541517082769493
17701011488300734034
9505888156173077424
10730653561837165486
14969805084388288860
12751170300098780480
10317707089751416296
14783163751647670069
9435662797349799971
15643388318105904522
13161353526627824376
15704152141899621149
11512004926917599891
11280626677685732107
16466198743324967213
14510964082811251095
14074333970315784291
11427069611289327972
17713425128349654890
10429691856248609760
16294599384577795012
14280089894102475472
13988474665050009367
13987105845488228099
9964854882512335256
14107006016742747794
12539229876446885973
9506086046396691361
16981192579058783682
16715674135787454433
12225564185777053253
15550206640082972576
14605803755947996967
14854968670087186565
11620283741348049561
15276842660128665813
13369633847203150222
10479621586419615513
17399102719891147191
16108394796292094858
14956959789830691470
10122332462090816810
13674481518151261902
9760825580456456606
18037274594394908230
11790747079418718835
14571401459474317468
11236513968128834611
9256757497158024957
14358303012942773949
12009004023414604404
17266415915272771438
11500317269355840596
17996948091765560711
11679769718706048104
17105339510868755538
16966015608312308225
11926797527569281016
14247410118154390107
15602002468961734823
15361429229299033080
11994775732949440863
11634601058326920850
9836149997398428241
16263526516820344979
14877836855671947767
13044167113848047783
15066274504809335272
11061933871868899630
12563493709622470833
12935150482736073920
16300456368822937579
17028956144654480729
15853764891798858023
16066307001087695768
12987376873299480652
11587292580571274728
12746394414359323102
9832987431158324879
16054727021566501193
12199051061308813807
18292417731670860236
12289496001963114572
15805068380905716527
17007010486263271042
13728671365912861240
11228500985215834360
11186153015833876735
14167728626737824062
9307352363184905531
15645310677533599163
15807570890982237782
15242182404244627220
17452283011530691161
10020125490388923687
9486102589673005843
13666556537072149575
15523324231428920460
12099935912688749193
12803424588135297176
16293136696810442790
14712570558780697860
10222227005784676282
9958913796833038733
12856331540218534600
14633199808872627121
14385735657058761267
12224117481500667862
10069305956218772897
9328193494045411146
17253139573088782388
17302998804243986806
14735987670240388006
11259408961386138162
13794472271744033078
15107670619631116841
11182853464954213025
9270407182793552905
10454444339848605801
15890203786256789478
11881975940440082701
12818655690047347902
13908836835043894546
9226544237629428925
13722518092545530819
18328932428179537369
16643639282883910985
11743001600158763060
11935032997831662885
14889404400687527194
13087998329450047513
18175409537956363504
12552334148969544858
12313721293893886908
12171022346756235880
13302243981569650115
9455636255087300622
10773160522359999007
11781476084624613693
11734546598412325040
10847319576999855612
14768673839598239239
15019133333475190469
14498270131417056640
17380364523454819880
15052766951900444769
10148944363969076413
11880484049621370833
10551845617179395672
16156547905858894152
10007343159314707173
10560696206864145270
11624281014753939722
9631103915520400821
12737910122835394745
13585576097765175886
14282025419961253378
10809405098138915436
14745262690534193797
15871468789729841992
15937532471462809557
17658067138780026844
17362028448564535738
15806687569195192992
14915355920061050588
15358384843918349242
13427465253854000648
9443225221654619339
13585025568239132321
18290464628256961743
14822795651172500087
17267300561338591457
15830044313303346777
11044703063138206664
16045548993669197618
17264724879747356892
11134254454019670632
17387015920803364281
13923779066359446332
16289628615848783768
17043602053075476600
10429877076271634054
16432943668959521907
14138740236067145942
13807657085288074769
12297940627260715679
18300463166452641106
12372225826328956464
17799625547549218414
17017210329935146612
15882506101836056709
12838404080171520693
11814270961104321541
18055085729008325376
9889734126831124590
11550429084541761796
17603402766856394981
15951327549857569289
12710343417529060674
11664116374940809991
11092410050491116262
13736587532447541301
15323149901013870741
12227416582632659113
10134192886071337069
13539993011811463931
11542835128210405477
13081054796531349038
11902515551187958538
14007847506190596703
11970448644089020070
10939978634379636643
12519530907093531578
9572947439559158339
13601691355653222992
11145248193292733689
15132316898619041358
12959711313876081409
16116540261108196802
9759860298475917800
12913906684295527856
9467630322394567736
14249333913256097614
12873347926629874778
10270610019561803623
11882955281606264759
11815867634990333990
17235895074114463648
12447190942244634841
10369306536551956161
11385885276647786891
16102351802450523845
17979820149636738663
15265157059143030279
11519200792850114344
12092562873211133712
10589474962385398312
11529106385238507738
9893998389570351208
14343365665465831963
14585209544995495735
15897733181354144146
13061056095479513287
15945756312504992585
13406170425666850806
17486448024987537403
16420197098362073500
16137283846119034334
10076341245749236886
14176224820861581925
18090956327110368470
10779577883246996727
10314255285325947814
10687886425909436733
9508247753780796088
12960542996456816416
12466096929498910894
9379909478438656470
15326672674480076475
10862613398827474348
17775594315331281786
10041817265332516526
17698891440573277761
11903395518175010459
12717422116188168613
16709694798098813633
18232778123507896465
15234639374762182048
12339780134926766003
18057315257127476638
10482294004904273295
18178709734105796100
10771766759835330405
14620818182770940941
14326611196292050663
9951290374463895035
13859288726749995156
17203438104081304669
13638852522311341814
11965531042069334255
12410153648220815359
12353567491890717280
15532649395778238040
16313821402330573672
14551353791360406628
9416372639233623843
13640733726861172769
17678638316038664871
14183320999306329116
16772981610122713303
15106526339615411536
15111777820823026474
13357145150458730102
9809801643495634261
12342498955315252597
10916715548401896476
13496006085688362493
18080233691614740515
12937578176887637728
11543072505673018614
16264303959824064342
11017243271887449501
11208458105491621249
11397447233353708616
9273031717936854700
17071471150135683354
15325390821324963798
13438577811923770076
18296586233176653072
14870877356853316851
14999972797350971942
15130653001330704078
11358306128476143455
15801068483907801633
11458215497743325527
15266422749645642791
12128592552261080574
12995314343512838560
10900523961057388899
17006074162583178032
14654486241084041791
14588155464779935355
14995936183153685630
10607103451960320363
13164746948515685604
17563782700352014999
13448820938448795996
10416145598818297063
11444269556471991079
15954497225121724161
10004370727776512138
17276724071302761518
12095745970005132805
14350552898716336554
14120619117467585500
14765780671093096435
13262551341260325553
13026068595732208703
10164480292372581246
13934292789184573822
11006209945831718935
15748698626461930931
10924213295415100767
17574768355333071170
11974948459126820909
13313310846270702720
14379455605214448359
11811052279438523554
9668639958204269912
14505291016336831808
12877083616438522434
13378951864496927033
12602714884979093730
11229994453888446393
18271827300077835798
12585697156720180647
16459827587545135114
11138733392436629310
10340175525029665111
17642796014016231552
12674514372819208744
9890275068500645284
10969824456839500477
15814249709105729960
14587128685100534657
12161749728308301531
18142872012766189291
15049814014890346309
14482579180934333246
14921961305143884648
11183704679958994707
12931703810427363180
17557815840382942639
15717474937739895697
18120247437398518763
18286082172395606831
18038978056860214143
14468569139939389525
13052491134622121630
15985714628906507985
10553153181646257145
9723943947287275339
12779051192403153999
10374671506429035955
14742750850564689095
18101716781207737248
10295405817258195242
16939529859848608723
14576410573264314224
14538414361430427537
9558392090946571867
11706652509418940218
14422334500343186641
17979080287533966662
14061249428089705469
11688536568974583160
9427470859576509910
16501968122162111650
13296512595523856220
18081885911149657870
13601897301524059875
13199630885782441681
12711625206998037445
14574809563822067973
11567280800076619064
11004146988619848050
14071563575627076994
9647720031041986948
11937439984397978613
11375486293183646093
9773907122725620278
14733601294677408759
11476477132750306465
15174471035336255507
17162790975328866566
17664347527282603646
14423670523647975868
13870829539742923669
16332582784185225620
17161417552113229141
11693142044953888844
17135667257111079736
11198913147862596892
17854419159840309188
12274090633995086248
12963245862910629429
14956124839839136077
14980884058552919052
17217551614912907934
10638511763141163318
16529266978999679455
11874877052168263263
13980061148502060798
12154238487860497798
9755226490490174154
15178284207815179117
11389607080248944251
17396922201781677477
13014551234858807312
14579328430515419185
13102682661051119960
14217813896574873186
17647483488792589817
10829162974604676651
15469445928574920306
13442615386494626137
10279539327683724477
15967237124275220584
16103231776689365535
10379429804967978194
17059850760786874742
17409325120325476334
11982899970149609414
15027703689582252482
10253862144478596352
10208798594443221245
14506669683609132071
11153980045856637031
14901395554739969629
10529328100176656762
10481376195364147882
15406177657566656687
9814764505058522126
9493603467911764088
14782492158609726149
14494909194037203680
10726967290545823017
16244796576577228178
12351431129807300575
10327271325354843757
12963267279246425212
15702423170900937687
10467961163973885740
16692787857410304780
9955853988238070867
10303213248565187138
16685948315484326285
16720021761247877166
10771495915474187035
15614171226696106542
11311327534445644773
16635778423312964204
14388879459057736554
10534021874050911133
13259726092335064950
10666248835240213361
12136158329654994050
17598160179154441280
15684816985051657827
16486080270475956721
16099743458679431515
10492979707329992767
11860087879540618216
14824459457866927158
15836879677304935174
11849655089325765197
11743541614137386853
12511943518012730372
10437343478405073684
17442256868649799092
12111615972069326192
10675934411624681778
10878823938397994127
16438462336695879827
12520190876348175482
12001996758923668504
10472227437791278668
11822792390967258094
18102579641039913368
14611264717243835114
12707505688603679602
13189225108549299756
11144253413997140163
12284398378338612511
15267921831355880441
14565916644144297428
13223233622743350115
10153330057357734719
18356990662961569866
12148403003354409110
12574624414715203572
14236148285602242826
11009153625948171227
14166664990016986136
10306793670025536110
12765530398105386256
13204597314483496026
14667618367971255495
12558890720146442235
16672725417771897106
16745536399047185903
16945401612068665470
17159033970277024495
12942597093039102507
12709999139457082383
15574000138345656673
12994851226618334281
16661559838464802209
10465808520049377249
12225672372568703738
9263619072593018063
9694323772423718042
12835513038225928478
16740633331430538045
13916016973036264695
15718922003821848267
12897662507229133291
11537911503447819798
16325388045754683893
15251497544108476860
9861609992965094175
18345644156555794925
17354627249119852284
12775195735967842964
9435030163016975492
18099857540651829457
9812688890410148511
11079067236279818849
18163495813211294784
18209226397419327251
10702706117626364779
9459190636948547634
11007609428250051370
12910488979343981728
13223731429749462279
12305189721933999283
9337925841999876599
15628538322431179960
18149941609225422483
16280713892243933122
12931524571454960051
17029431383602220890
11232120671888946541
10485416328536724516
16715795820573895779
17427015536684737603
12813264453923770529
16467819800270741241
18427947462041279356
17077376533460409790
11422395067859138383
13236059421886739152
11891559823202823186
13661484201120442817
10227943494747217493
12133157445501448189
14444824396556537018
12101197670995708597
17648010385011311570
11093274635398629092
11154068522175515923
11055324803063121623
14666546315022893483
13564681104368002376
16964426439772140479
12327587026041201617
18168775100562282359
12468365337144857810
16640736968166247494
17113695722849251197
14755257329675420327
16190911296722657848
12086129197752642658
9734983776894519864
9558577276138823494
13700441971352904570
10858083102432590957
11786989258593881989
9935922508227823163
13704861880198648642
16490917311784248793
16153908440477204238
11820435510230519678
11609547936943618570
9499631998786495629
10919289197838673010
15540887067916784209
17097442319579599951
11599118117163852003
13904449077323028925
11680674368117170871
18312878923105542270
10841959917447228827
16090500269056106293
12109142147826974146
12361234115581828204
17695751588710138417
16227495966925598862
14344555557406367366
14090286689128626556
17874079063528262406
15859903890321903223
16091380389820162750
18268348878995767869
17949073140619602567
11366058381474671492
12551911460881037130
11073303480335644986
16145268936202791533
12511729183165679572
10008527667368918441
15432783495325392412
11345488511835750976
13696264493607017384
17839450041679561112
11060792140975468541
16644674760057042849
10910981994295648323
11725304382549419758
16681861420642532729
14624065723411125059
11617632035012840421
14407172427695889295
13337208965429588683
15434024778882822694
12219799950836132153
17011953871775655017
14618936706893729088
14870576540566433504
13173190156225940547
13784764426520359267
14745568179225202105
14207071359135817466
16912700590410685159
18100365490990132354
11754737286450199417
14428755794874102771
15070032002317121985
12861070562054543118
12506986245734722786
13880407051051789469
13061985075690740048
16399925718340440341
13662718418753458246
9589165121417568368
15305809781629307084
13932052793682363753
15520781895837123689
17367347630632190677
9954604528800998528
9900998900321697795
13182444659868966479
18269186906653663169
15912531812063325504
16758775791416985322
15145244689070422068
15727651110825719278
11666991826032390128
18237639453062882753
16688763086219906691
16691701133544893200
17696514279064520477
18247857418614923314
9677265204301711691
17284391556645421114
11146904975808017492
17075673329459842864
13997407580638634194
16621651974017643408
17680504797034207550
14532911164814755911
14582847730763300572
14298517836249043528
17693681352990912399
16658661972234416073
9270978447591063547
13446233548211463382
15390747159931306745
11320227569469797636
15660488863820634998
12190813551370172619
11143099300736206952
15224850008554673821
14504078194243650642
17517642314110189406
15074473621896104267
12786232760669062154
17635240731411336943
17858799542840581700
14078352633733908789
15493871097864366824
16121463123718166145
9639276907644842835
16388272806579981368
10645199093564567483
15981313232701179668
10485502436584059270
13840173221392249672
16103505060508451245
17177522073891797244
17258356247809761203
10242337364299450984
13500421686627336665
12992187293810263549
10237369465967319968
10372187258817831763
18279876900471497975
12645826258708308953
15430496117318477459
12997325521143481709
18308312559593673776
17885711290680257596
11290520438244436282
10545178107794120231
10901751812941573537
13431593349493707430
16582889673960081477
10783236725216300754
18083022861179771409
13954472667723126845
14491067846559518234
9754864727529812243
13732385510865844266
13976083039346953010
12302680883119422375
11926709052603702414
13370782186922160185
9649505321811902471
15135809739362304271
17644645905087070259
16606495051063632132
18369599532381422784
11140210864805693973
13511907499364545935
15640820275825916594
14085618287756965882
14184484118761663026
14601036505953342207
16814228219003954645
16885438670601593452
15131840388683996820
10662707859401455540
11311659737578546572
9797896206704654898
13141087255250745427
16739364367925368543
13705224095358217126
18106955372905191518
12825822528664717825
15014626495965573055
14653142765952501516
11148049767591906553
17068957511833770233
16280557542842076457
17950968580371746762
14758155898004322188
15036619598683198800
16278287900001066412
10040039933074545349
10947513419831765831
16951433084870877441
15719710547593902863
11812694034633369926
10272131321972695519
16121653783364160185
17180014000653923523
14775593195525447674
12361899521104765210
13058626714193686411
18070202206870595590
14736411986078068800
18098828910826630910
17658176035031975910
9826682387922987495
15016809969634581668
17841075969534550584
15034224139850095214
14268777524736410603
11055069077632794201
12277890788470654959
11101228077168308614
16843540375955660921
10763644934345164481
13263948755277666310
9676570222138266865
12162108893247427549
11142521489558222953
13165258282386146873
17959426374826552125
18280358047940754068
12407972877679488094
15206782061357562176
13602980829887050887
15737744483490139053
17522860947163775085
16269823304859041818
12956178510870779665
12502962081123106931
13179484276084676400
16315568908890647955
10756596924863348224
10287122551141410995
13046929083632268051
13140335891506633834
11037231383948597460
10683606569140856426
10612512770667626921
13189404460758429137
14941781086966494654
15232506050984499578
13160340224318877850
18413751726658215405
13454348526380837788
10133309095582168410
11171680389305844710
9318796082519885164
15447937746437902498
15464771156390616304
14367196884599575248
17933254738975359498
12256738563800229446
16130865406235346701
15703736593127496089
15765721545249004698
17936699555268445675
13401984126751968192
14217164074962865858
14362775755230169103
10323058981505689371
13555709511803822390
14384332115121850663
13253172319956332378
10730724157158376536
14609022308260393177
10464949744736420485
9293073876253361014
11414350987163523652
9359384636221410686
12351065349182685937
10671616199369443866
17323394344649720985
10081621500001424815
9353733022228426545
12436022486728553914
17011764905182110191
11407416054008838415
15606606823360274680
10412644449340501454
12737201781386974170
15150588028001566883
15432573928567956812
15629522572985925743
11972846522052474974
9293566570424013080
15864520070658413093
16802037601048586526
15706433395201650310
13275184323270322008
16788219786787241337
10453304786918293313
9747931635272891596
11271025948951155068
14908012589878252429
18334529846705087855
9482500403602896275
15775537200059124358
12147617857280751875
9305178800866666808
13789694290338211387
16273737136818352220
11161838169806518319
13561326991534134100
16889022698298921248
11621731165425149870
17239846131422003716
12399253972939398845
17474952198476631551
16562506280385626785
12352076741085923622
12992861257318477560
17882970196136992549
14118414774668995470
16355067802861149876
16590591648277038329
10684640779969526930
12316126444607842179
13128728064891046167
15627988240548664615
18096414897549205573
12126386910183308931
12388627465826101414
11017614913568719852
15819861358568090626
14292223231596576088
17885581685160998866
10880967489447936537
13646318651073320115
12732404969334927918
14643655718704481550
16502584993656540843
14809703658720383177
9546340286318314333
12731249578743863927
15677323409705149511
14293838050491792545
14143008241669682717
15822365428876089609
13595364790117389722
13022717811498978849
13738239720225858623
12937716875031438377
10786209457541839697
17377936161026096828
11242651093644140628
16962729348173032456
17508457510410120687
17555464908591139932
14065230117742440587
13230930167803274464
17088804768465041321
17146395811214503452
11424022330103342132
17626425733899422151
12668869806392501894
10668588699159991094
13210557873405466755
18150975938514787312
11687042907780429313
14899440135499378136
12815884262539033237
13959517979809630013
14696295968424598251
15513134067563645726
13821287781391232981
10166151928487677815
12874395929784727172
12591005662962257833
18126494039621926281
12951487818731007624
17141236763668009388
11828281295603702864
15226580131378566051
14649062636652817720
12723303207522931771
9392715224153193835
13861963675049228922
13536590679879670024
13948245292787471429
17499270835654783534
14100842644619043751
11034342615690442847
14016966338531724891
17563331328550366519
9223922156280038218
14036878480693160532
10230298987418043473
14971190154479166375
16024063099549337590
11518929814326627675
15542155304059558265
11887852482084073262
11553130072716213008
11360852430001924732
14409098763464951340
10020888121834954636
14120775467117767712
13312192428226072847
18183737823495734277
16722659252582991539
14703647760066329820
10343193805224732257
9757922455489791861
17525633885495501298
13025276494428574625
15998376367641317461
11722410585852639095
12023959101566762348
13163432731990245798
10896220588793952616
10065219509806012034
11719680216866009564
18130030962479995199
16275327874440055962
9461380404395978171
14568242044205793273
10767863596139074324
12233114494145743615
15760682458213012607
9659158338761385284
15644308030504505483
15805360652531613374
12243884821984139588
9232977052880508683
17985102403632356050
15395943703468568725
18247063815394866854
14719171141378132461
11336847671369178754
12743398738536334771
10808776632250520414
10058941513245625181
9663852654843059117
11009248941987723107
11158151521457331637
10237479914501088919
10771840313706990841
11609201135315168410
10908074363248603064
11429482934359281253
16056564518033974809
9548141429216125113
17353756935354817062
11490443953939609684
13788527220012172509
15460138843186113898
12793538104763461433
16801919179872186660
13791417989092450551
12306486215479100140
14478849268324181475
12549297086708368640
15491885006934098547
10521156657007439309
14994563792545207658
12800493415656472128
12918250563178495448
17373232637536078281
9412974540526306227
16810239427543554621
11733627775118932598
10295021818810288905
12962092071906876074
14091761260523054439
12593872474341787263
15060980943863837529
17748909029583623016
15150919587219470475
9952923391386743105
10186077640821224538
9794336216007815378
9590486704217099402
11071748049398880575
13484086686948921539
12127967399812662246
13091195174186932310
14900094054896586777
13025191033411963465
17528562279465883051
17800707562595361783
12586212126841592014
14201509047568163087
10799410944009276551
15570187163912568882
16922678536264572658
18223725277621538107
12813119094079901388
9860827718817166198
13076613718029259570
10747240323765353844
12200717106383556431
12030622936388275523
10023159990592292887
17053702517398941280
18028631593366915396
11384840385152450946
13682735348707411771
12680715896729742981
18407113443138933622
12476990704171265217
12995230684536026121
16302355082853121357
15558962787588418134
17243203086489899707
16225302371207374276
15409466974791396407
9639196176469940512
15136010599155351324
13103835720704064950
11867251624265452185
13583999676053104989
13936033336511485726
10164471619832428174
14992361557639973131
16031603005160648153
14988771381949613685
14538865051958319162
15391443555153235621
10032620877567623722
11773207133843434119
11756283272262445998
9946669104774452063
15845530037569209768
15289299280070496976
14713117289524693223
14027134262613047367
10755962493886482305
15232133191097000806
18219066193586828998
14739882967790290825
18016774660349360717
13461185111070486915
11472097788116914442
13992263196447444399
9527883558226161703
16074233864519716388
15793087414373010642
11000172968707945571
16792748125183599991
12536318529103202133
13009554414745119190
16190619335230574390
17797729605014781782
11321936541469701889
15316346150578290110
17316587827845208845
16835303170569548930
17533824633934286182
14594132851790753150
10675852126520575244
10185692571985337908
15508124051166706993
13021532332752769970
15363437634640753061
13663167690428809801
10801114383038027123
17498625030563195456
15609707589783363169
12703857743899020409
17614009576721815275
12842676349694442647
15402048461502800198
12646456616412776763
18098027906232178872
13962919894777796480
15382486400905029349
13044258857521256968
12294264857557096694
9906007637478581582
13695263820407181009
13366707317016448005
10938690258168140901
17774601195789830893
18143674741669757405
10423153443602930768
14376850996845304676
9924461202303506824
10371834714150793373
12609127983715432125
12301044852084152800
13083819757520038233
10574703293099088180
16626436792232049741
11983653590594244139
9698123456935365854
12557679009245993684
16220481373437975363
13713466468460646977
11962727406798002891
14827755730096518951
10301015084945985688
15257633748621626614
10370418436048245719
17688868060651798275
17400250446066631647
10131011483938579524
17364656037301902788
16175033051228402448
14011025867236702517
12252718309217375043
9921659321546735118
11658666833825154112
9602734536509183636
13419531176570955913
10920905987968058521
12245973401557081380
14294742080408392400
16057066696927624562
14212644397327300684
10402377190963393668
15846081792918128288
13497224134565787315
10026114974486538788
14025502521216495221
17897876734257744525
13812063834238818337
17433365014596383189
16794586582726972504
16831885182465654732
14930884612601909267
13768782065611679066
16850763007924007492
18270995135189566965
13452723472727002180
12010851444362548528
11967522916651606491
13487537835497259438
17981932054735432654
17178609276167920614
17417065380127408022
14138018085188047367
10143849866746970442
12897577877933385697
15925795640349795356
18011274798557480084
16972808556190070874
12781528722083822598
16196866957268005935
9786131519757386963
10336225513835830126
17978871819817030817
15129860170895959833
9424901201720110094
9467255922859630544
16111146614294888440
11714967807158098606
11560409462971526811
11973717308165004828
15612307922271772852
14288758266622972812
10352825550588753033
10689575290276770844
17283539120428031707
17361036762948191207
10891652780781811638
11122807154635245040
11886217494550783291
16507605413918431304
14928429065777178224
15730780729520824708
11426115590833488397
13780304079427729076
14646919916326855564
11492260283423909500
9617221972008219902
17021192446735648776
14259869766947993286
11245238245807720799
14273034497173237825
12252635846020122167
14496992627302023540
18427037309352762928
10026966432708743948
9796283240233886799
10535796306865499148
13998499168462107170
13904208031146870806
15270629322211977016
16817171461656881439
13833031358200513819
17470355203997827801
17144483948876483924
17827885802828101762
11432371439911795989
17585241932547874709
18022020571323561696
9510447834191541598
16868729324782116809
14519747608509302387
9745148333787482075
11212725343616576585
9971473019316148703
17830741321435706693
12881725450187105132
9593775935904499499
11624953332909019658
17514789688517277778
11672788954385694896
12750441276517869372
11815650684155574757
12742727640838791807
13004683187880956851
9338076463332103825
17724724410105665554
11104626924218861003
11486849253265256569
11921525595184945416
17516236504084990574
10319555472148566813
14230253255646987500
15071856953492874410
12306036890812220396
14861455068843842835
11902692364697347412
10411844654995691153
16315341623410650237
13420784240184355035
11782991621797843806
13206980753441319260
17493588513023871338
14798094830420753093
18363742020496369465
11007936718581173306
11471788890310790508
14991562619952677399
15297992518383528777
13684114691471562201
15180422291485490637
10705039628510030821
9335614249773707291
17257060219526281011
14967200765145154385
11026523739598135996
18019726995174583984
17998622749181846346
10161336460737172203
11659985652819246752
9873901078744159962
11506344703752916206
13330781569025349931
10392243779533853077
12333611192928548062
12153220976278334271
14459999815134301169
16480041224808227776
17783309194035137041
16965376644484256343
16572712982914755137
10234291215896251609
15630311433048211419
16700540275232445509
11669703125954733426
17266725341197048459
16536218340065792982
13176201620323105423
16160283562474856747
11284379890852722368
13991618708653267223
12153185759415878606
12981961481836800702
17097870039587208696
9986396350350261512
13217381322507761991
14999284031181185603
16804101051254799403
14098924192515081629
15249507133608639338
13780767725574266406
9751785095170599792
16170029705380667053
11286178801130161894
16725343292445851195
11782234013847349292
16098057025299211002
18259735512928643724
14391949758057737784
12505445311889152391
10845477413101902650
16303366670218996295
16978242086559636229
13652217118888102036
9691802552160313700
11909278786215779896
14349482456423273184
15578238647958232397
12696053546283073008
17389986782849880198
10285446230737343076
9937730651037798626
10579995981744278699
14577628275651150213
16094457928043999526
10326953409039162626
14004400484766335141
10567204317180226387
15286834946944664886
11443347033453417878
15185233461445507045
9881177553990207076
10707103033071687662
9843800726216726904
16634745612644172262
12513581383354017222
14542949449448806467
13275438110118118845
11328718156707802656
9372988124565597550
9243285758355019449
10151923620878700540
11580433048931994669
12345011208381384611
16940587388962118438
11386661048317775472
12304694288895397769
16854208727971013094
14091103273747842583
11792701903407339166
9262817524641895594
13249046262699668888
17457024828707565947
10744161028992320582
16576700563871740713
11520974322300965622
17273096483070769139
11563476217678101120
17321854328263959195
16112165552962645595
15978725261573582171
17031154014202140561
13248792769303215837
15046219967559273486
15476689873390116491
15071519700669658527
17643549732985932431
12971163799624224184
10468760826668237425
12921547830183667797
11050188789664286177
14230831551709171501
13853941634922560527
14384834129869800926
13152923294219741125
14052272832743927712
14583127688140466377
15685826578957999222
10619590766970198641
16133994723631305883
9932529060677307208
17973074715568254779
13346772581537346963
14844276981243371723
16964370748519000239
17377656483995135600
14007774139844927363
9394317617736197903
13397293881262257841
14307406088790300366
10222695663502560910
13441102546933876931
11996264339687507166
11334017694922209231
11243464848087128065
10207385643123914066
14786496957082914185
12181751693470389171
10981896567476143153
15248976750739476345
11072786189685470174
13094393504529864139
17183175314569564146
15834036343708680760
11856360616674409172
16317923338137388231
12975194145456870551
9295197204973130443
15808901563975803021
13171315224806298709
15544208413068029615
12891407129590982989
9464285313943352421
15912069974465140611
11901645274496226224
10901604092094917761
14615859242882974432
16668910837336692450
17149703153243313385
9254950024475614826
11728602896112798959
13188300210621198354
13095525172988139824
11585133119571259427
12271497132601579730
10868324208158463939
17503015756319194912
10979724761898207466
13784003681682914131
14158136109274617137
17923446570137676004
18251910333519997698
10999672524868521535
15498207300199075903
13112191039949123181
11619195822178878820
16327499707656627588
14644804449760161642
16461559262709681125
16908603677587390895
14970681179354994480
15883063675715371325
11966521351389389642
10733027331960725562
10491750152483412589
17874647584642550534
16212519192603610014
10721150210243078199
11378315371697915501
9229746448286382734
17334670056427747900
9482367446707773270
15874614068044272142
12377390856035627203
11291717790983789989
16960303520147223916
11303291982241960130
10463946263154217842
17504144721183469793
16056007902531665070
9871816880197644087
9896820216459280887
17297415107186566415
11542460525005119161
11627364169465466456
14607027314738637751
11909459625323018460
14260555706741448233
12616783843990623841
15903452887321451000
17804977871414162083
12475148407128805798
13585225276005289188
17345102742891446939
16291477518210412685
18402784656925590497
15832998856471458595
10888751329615571799
12446551818705180086
9397814137028923596
13454732532864032101
11912469271457090528
12592930775142785178
16098234782155888764
12532590098264802614
9878663324488462154
17915255970497330914
11929472961198282424
15180738546762846796
15988131213474265234
17920334536494388650
18038714076159045174
16555045871208288219
10784408623276140935
17085137033771121304
11530520425294302270
16349120947285135329
17367157071838721585
9454096480936519437
18283076245882639187
14658194926250540116
13865952911419841494
15966127849316612457
14017302869009057597
17706147958336740852
17045019896598112864
15847089751712439572
9969883488423678225
14410955369978931133
15815853760710897639
13305229602373595509
9777357045234239155
16988170589849790884
12991795945812320683
11301062203755974241
17230224799383266489
16388888419454250113
18210550571330705530
13140680941202263663
10442194695208129830
9792901754411898672
14893410835295212806
15113515371665130235
9444854153871546379
10016209362397263057
15663640656674594444
12568006082459160297
14478274617269088662
9581168292933436917
10433718532425432831
12320547582086252578
9869136402306020734
9296826735782856064
10275169465111352051
16870643155103424936
9422677580088470931
18061078412668699112
14135157865258563754
13554488594608264836
13802553731755059736
17476520171269559274
14660825377783424154
11166973391525137707
10038547269511367924
17676457344117629441
17841953020933446464
15656924492564936589
13960050278100880718
9843700068403458943
10288715492423361730
14899342292614221253
11613090583896575000
10121391311896547747
9360545156975709049
13227716092645155532
11430447799060148700
12629638440584080949
16264508590278330760
12789859488727752572
9389446762571213825
10492117520067646244
17242004152203531146
11793125755824117314
16677276644250891503
9938934685849101740
10246028005978671717
10735642785293298231
16990140792207316864
10863771798790318461
14506702943873847337
12794054007666082878
13172801838540947167
14595951060960805623
16131091228893950167
16864884383582237193
12636943068176786652
16779155294818394773
17949307798555669144
16068569887461236814
10085245210087781877
9767340984229795904
16304775933808517446
11919025819019560614
16222091164811568914
9651535680352274914
13002525925391426962
12237359679140754382
12573606729580197428
14930664629871952507
11852374782374612947
10614441554376593575
18299124454455214392
15459786605069891458
17440808851083404450
16691727542312836081
14814674619669683224
10989280122403792003
15450931018468885139
15377538558439884745
16842473669565827057
10724746574811090364
17693024034877372606
9544832794514168233
17272166518921523522
14608819012038635627
10151748826425395760
17927261207493963253
17178716526011797941
16132845800643198305
11435447004871474442
15934981883483888709
11956466003766332597
12226249934222955302
17867705412088222608
16990468171375558344
13344792327991769883
11359283313250112910
10311907572432421083
10102233465247856158
9285152819698772349
10121308237565761646
12931313941831621387
9242971878192058307
18192804533386981306
16514731792071776165
16623144107277148763
18413180162966017833
13576045990730785077
13254622858092995058
16651857269283879687
9736228557148379088
18322203922134784922
15165941791919860872
11926967717503670033
11399899516950960011
11105027385012535185
9247729980545192467
14855695971109658265
17819445351804191717
13842900789167345870
16944529812474999230
9643087827607343875
9381458688765177408
12589570565325068700
12025662381500329959
12123394074665607698
16832832442273438143
12717907925213024129
12420570821378455378
18361765104083651598
10898114042852848413
16338294584101622137
12731490170352470161
12450002009369024551
12805079678138079843
10222634845827805572
13690715232972949935
11056251096096121977
10992082855472133038
10702389750862389604
12131133491353257693
13667316034600135773
12278792389674338648
11448500858959799376
18287326451187929297
16519994922537275765
9469121191883307179
9500399731182050849
18305062444707547260
10814438602955580520
18222828561871796137
14970666616204997190
11144209488244825719
10662457961020231092
11530069586344141162
16591466075165064555
11647997996385984739
13629750098522130472
17455245096490502062
9562634129578342213
10888710439051264217
15105391012150895042
12357235212803456951
15539018168287171001
9232755166631884035
13916557438726189369
18294244236838090991
10724040542472142826
14870518582044204574
10890347850927046907
11102806552428610344
16435761610719148756
13844451545267995041
18293394401293438479
16545130069714563094
14918875275726001986
13